path	area	line	sourceLabel	kind	targetRaw	pattern	candidateCount	candidateLabels
original-game/ERB/イベント関係/EVENT_K.ERB	イベント関係	34	KOJO_MESSAGE_COM	TRYCALLFORM	KOJO_MESSAGE_COM_{NO:TARGET}	KOJO_MESSAGE_COM_	0	
original-game/ERB/イベント関係/EVENT_K.ERB	イベント関係	51	KOJO_MESSAGE_PALAMCNG	TRYCALLFORM	KOJO_MESSAGE_PALAMCNG_{NO:TARGET}	KOJO_MESSAGE_PALAMCNG_	0	
original-game/ERB/イベント関係/EVENT_K.ERB	イベント関係	66	KOJO_MESSAGE_MARKCNG	TRYCALLFORM	KOJO_MESSAGE_MARKCNG_{NO:TARGET}	KOJO_MESSAGE_MARKCNG_	0	
original-game/ERB/イベント関係/EVENT_K.ERB	イベント関係	78	SELF_KOJO	TRYCALLFORM	SELF_KOJO_K{NO:TARGET}	SELF_KOJO_K	0	
original-game/ERB/イベント関係/EVENT_K.ERB	イベント関係	88	SINGLE_ENDING	TRYCALLFORM	SINGLE_ENDING_K{NO:TARGET}	SINGLE_ENDING_K	0	
original-game/ERB/イベント関係/EVENT_K.ERB	イベント関係	97	KOJO_LESPLAY	TRYCCALLFORM	KOJO_LESPLAY_{NO:ARG}	KOJO_LESPLAY_	0	
original-game/ERB/イベント関係/EVENT_K.ERB	イベント関係	103	KOJO_NTR_STAFF	TRYCCALLFORM	KOJO_NTR_STAFF_{NO:ARG}	KOJO_NTR_STAFF_	0	
original-game/ERB/イベント関係/NTR関係/BOYFRIEND.ERB	イベント関係	121	EVENT_BOYFRIEND2	TRYCALLFORM	BF_COMMONEV_{LOCAL:2}	BF_COMMONEV_	2	BF_COMMONEV_0@original-game/ERB/イベント関係/NTR関係/BOYFRIEND.ERB:293, BF_COMMONEV_1@original-game/ERB/イベント関係/NTR関係/BOYFRIEND.ERB:490
original-game/ERB/イベント関係/NTR関係/BOYFRIEND.ERB	イベント関係	124	EVENT_BOYFRIEND2	TRYCALLFORM	BF_EV{LOCAL:1}_{LOCAL:2}	BF_EV	0	
original-game/ERB/イベント関係/職業素質系/JOB_EXEC.ERB	イベント関係	25	JOB_EXEC	CALLFORM	JOB_EXEC_{LOCAL:1}(LOCAL)	JOB_EXEC_	3	JOB_EXEC_203@original-game/ERB/イベント関係/職業素質系/JOB_EXEC.ERB:31, JOB_EXEC_402@original-game/ERB/イベント関係/職業素質系/JOB_EXEC.ERB:52, JOB_EXEC_421@original-game/ERB/イベント関係/職業素質系/JOB_EXEC.ERB:62
original-game/ERB/イベント関係/職業素質系/MODEL_EVENT.ERB	イベント関係	13	MODEL_EVENT_CALL	TRYCALLFORM	MODEL_EVENT(LOCAL)	MODEL_EVENT	2	MODEL_EVENT_CALL@original-game/ERB/イベント関係/職業素質系/MODEL_EVENT.ERB:4, MODEL_EVENT0@original-game/ERB/イベント関係/職業素質系/MODEL_EVENT.ERB:20
original-game/ERB/クリアボーナス関係/CLEARBONUS_CHARA.ERB	クリアボーナス関係	5	CLEARBONUS_CALL_CHARA	TRYCALLFORM	CLEARBONUS_CHARA_{(NO:TARGET)}	CLEARBONUS_CHARA_	6	CLEARBONUS_CHARA_2@original-game/ERB/クリアボーナス関係/CLEARBONUS_CHARA.ERB:13, CLEARBONUS_CHARA_80@original-game/ERB/クリアボーナス関係/CLEARBONUS_CHARA.ERB:42, CLEARBONUS_CHARA_230@original-game/ERB/クリアボーナス関係/CLEARBONUS_CHARA.ERB:67, CLEARBONUS_CHARA_85@original-game/ERB/クリアボーナス関係/CLEARBONUS_CHARA.ERB:128, CLEARBONUS_CHARA_EXTEND@original-game/ERB/クリアボーナス関係/CLEARBONUS_CHARA.ERB:165, CLEARBONUS_CHARA_EXTEND_DETAIL@original-game/ERB/クリアボーナス関係/CLEARBONUS_CHARA.ERB:202
original-game/ERB/システム関係/PRINT_OTHERS.ERB	システム関係	37	PRINT_OTHERS	TRYCALLFORM	MISSION_VISIBLE_{(50 + COUNT)}	MISSION_VISIBLE_	21	MISSION_VISIBLE_10@original-game/ERB/ミッション関係/キャラ/MISSION_10_MIKU.ERB:15, MISSION_VISIBLE_11@original-game/ERB/ミッション関係/キャラ/MISSION_11_NOEL.ERB:15, MISSION_VISIBLE_12@original-game/ERB/ミッション関係/キャラ/MISSION_12_HIKARU.ERB:15, MISSION_VISIBLE_13@original-game/ERB/ミッション関係/キャラ/MISSION_13_TOMOKO.ERB:15, MISSION_VISIBLE_14@original-game/ERB/ミッション関係/キャラ/MISSION_14_YUUKI.ERB:15, MISSION_VISIBLE_15@original-game/ERB/ミッション関係/キャラ/MISSION_15_MEIKO.ERB:15, MISSION_VISIBLE_16@original-game/ERB/ミッション関係/キャラ/MISSION_16_ANN.ERB:15, MISSION_VISIBLE_17@original-game/ERB/ミッション関係/キャラ/MISSION_17_KURSTINA.ERB:15, MISSION_VISIBLE_18@original-game/ERB/ミッション関係/キャラ/MISSION_18_NICOLE.ERB:15, MISSION_VISIBLE_19@original-game/ERB/ミッション関係/キャラ/MISSION_19_NARU.ERB:15, MISSION_VISIBLE_1@original-game/ERB/ミッション関係/キャラ/MISSION_1_AYESHA.ERB:19, MISSION_VISIBLE_20@original-game/ERB/ミッション関係/キャラ/MISSION_20_NEWGENERATION.ERB:15, MISSION_VISIBLE_2@original-game/ERB/ミッション関係/キャラ/MISSION_2_ASUKA.ERB:15, MISSION_VISIBLE_30@original-game/ERB/ミッション関係/キャラ/MISSION_30_LIESELOTTE.ERB:15, MISSION_VISIBLE_3@original-game/ERB/ミッション関係/キャラ/MISSION_3_ANZU.ERB:15, MISSION_VISIBLE_4@original-game/ERB/ミッション関係/キャラ/MISSION_4_MIYA.ERB:15, MISSION_VISIBLE_5@original-game/ERB/ミッション関係/キャラ/MISSION_5_TOHKO.ERB:15, MISSION_VISIBLE_6@original-game/ERB/ミッション関係/キャラ/MISSION_6_HARUMI.ERB:15, MISSION_VISIBLE_7@original-game/ERB/ミッション関係/キャラ/MISSION_7_SHION.ERB:15, MISSION_VISIBLE_8@original-game/ERB/ミッション関係/キャラ/MISSION_8_MICHIRU.ERB:15, MISSION_VISIBLE_9@original-game/ERB/ミッション関係/キャラ/MISSION_9_RIKKA.ERB:15
original-game/ERB/システム関係/SHOP_MAIN.ERB	システム関係	1019	ABILITY_UP	TRYCCALLFORM	ABLUP{RESULT}	ABLUP	30	ABLUP0@original-game/ERB/能力上昇関係/ABLUP0.ERB:7, ABLUP1@original-game/ERB/能力上昇関係/ABLUP1.ERB:7, ABLUP10@original-game/ERB/能力上昇関係/ABLUP10.ERB:7, ABLUP11@original-game/ERB/能力上昇関係/ABLUP11.ERB:7, ABLUP12@original-game/ERB/能力上昇関係/ABLUP12.ERB:7, ABLUP13@original-game/ERB/能力上昇関係/ABLUP13.ERB:7, ABLUP14@original-game/ERB/能力上昇関係/ABLUP14.ERB:7, ABLUP15@original-game/ERB/能力上昇関係/ABLUP15.ERB:7, ABLUP16@original-game/ERB/能力上昇関係/ABLUP16.ERB:7, ABLUP17@original-game/ERB/能力上昇関係/ABLUP17.ERB:7, ABLUP2@original-game/ERB/能力上昇関係/ABLUP2.ERB:7, ABLUP20@original-game/ERB/能力上昇関係/ABLUP20.ERB:7, ABLUP21@original-game/ERB/能力上昇関係/ABLUP21.ERB:7, ABLUP22@original-game/ERB/能力上昇関係/ABLUP22.ERB:7, ABLUP23@original-game/ERB/能力上昇関係/ABLUP23.ERB:7, ABLUP3@original-game/ERB/能力上昇関係/ABLUP3.ERB:7, ABLUP30@original-game/ERB/能力上昇関係/ABLUP30.ERB:8, ABLUP31@original-game/ERB/能力上昇関係/ABLUP31.ERB:8, ABLUP32@original-game/ERB/能力上昇関係/ABLUP32.ERB:7, ABLUP33@original-game/ERB/能力上昇関係/ABLUP33.ERB:7, ABLUP37@original-game/ERB/能力上昇関係/ABLUP37.ERB:7, ABLUP38@original-game/ERB/能力上昇関係/ABLUP38.ERB:7, ABLUP39@original-game/ERB/能力上昇関係/ABLUP39.ERB:7, ABLUP40@original-game/ERB/能力上昇関係/ABLUP40.ERB:7, ABLUP41@original-game/ERB/能力上昇関係/ABLUP41.ERB:7, ABLUP70@original-game/ERB/能力上昇関係/ABLUP70.ERB:7, ABLUP71@original-game/ERB/能力上昇関係/ABLUP71.ERB:7, ABLUP72@original-game/ERB/能力上昇関係/ABLUP72.ERB:7, ABLUP73@original-game/ERB/能力上昇関係/ABLUP73.ERB:7, ABLUP99@original-game/ERB/能力上昇関係/ABLUP99.ERB:22
original-game/ERB/システム関係/アルバイト関係/ARBEIT.ERB	システム関係	31	ARBEIT_LIST	TRYCCALLFORM	ARBEIT_TITLE_{LOCAL}	ARBEIT_TITLE_	8	ARBEIT_TITLE_1@original-game/ERB/システム関係/アルバイト関係/ARBEIT_01_KANON.ERB:8, ARBEIT_TITLE_2@original-game/ERB/システム関係/アルバイト関係/ARBEIT_02_SAORI.ERB:9, ARBEIT_TITLE_3@original-game/ERB/システム関係/アルバイト関係/ARBEIT_03_YUKAKO.ERB:8, ARBEIT_TITLE_4@original-game/ERB/システム関係/アルバイト関係/ARBEIT_04_HARUNO.ERB:8, ARBEIT_TITLE_5@original-game/ERB/システム関係/アルバイト関係/ARBEIT_05_ELENA.ERB:8, ARBEIT_TITLE_6@original-game/ERB/システム関係/アルバイト関係/ARBEIT_06_AYESHA.ERB:8, ARBEIT_TITLE_7@original-game/ERB/システム関係/アルバイト関係/ARBEIT_07_OTOHA.ERB:8, ARBEIT_TITLE_8@original-game/ERB/システム関係/アルバイト関係/ARBEIT_08_MARI.ERB:8
original-game/ERB/システム関係/アルバイト関係/ARBEIT.ERB	システム関係	56	ARBEIT_LIST	CALLFORM	ARBEIT_PERMISSION_{LIST:LOCAL}(ARG)	ARBEIT_PERMISSION_	8	ARBEIT_PERMISSION_1@original-game/ERB/システム関係/アルバイト関係/ARBEIT_01_KANON.ERB:26, ARBEIT_PERMISSION_2@original-game/ERB/システム関係/アルバイト関係/ARBEIT_02_SAORI.ERB:27, ARBEIT_PERMISSION_3@original-game/ERB/システム関係/アルバイト関係/ARBEIT_03_YUKAKO.ERB:26, ARBEIT_PERMISSION_4@original-game/ERB/システム関係/アルバイト関係/ARBEIT_04_HARUNO.ERB:26, ARBEIT_PERMISSION_5@original-game/ERB/システム関係/アルバイト関係/ARBEIT_05_ELENA.ERB:26, ARBEIT_PERMISSION_6@original-game/ERB/システム関係/アルバイト関係/ARBEIT_06_AYESHA.ERB:26, ARBEIT_PERMISSION_7@original-game/ERB/システム関係/アルバイト関係/ARBEIT_07_OTOHA.ERB:26, ARBEIT_PERMISSION_8@original-game/ERB/システム関係/アルバイト関係/ARBEIT_08_MARI.ERB:26
original-game/ERB/システム関係/アルバイト関係/ARBEIT.ERB	システム関係	59	ARBEIT_LIST	CALLFORM	ARBEIT_TITLE_{LIST:LOCAL}	ARBEIT_TITLE_	8	ARBEIT_TITLE_1@original-game/ERB/システム関係/アルバイト関係/ARBEIT_01_KANON.ERB:8, ARBEIT_TITLE_2@original-game/ERB/システム関係/アルバイト関係/ARBEIT_02_SAORI.ERB:9, ARBEIT_TITLE_3@original-game/ERB/システム関係/アルバイト関係/ARBEIT_03_YUKAKO.ERB:8, ARBEIT_TITLE_4@original-game/ERB/システム関係/アルバイト関係/ARBEIT_04_HARUNO.ERB:8, ARBEIT_TITLE_5@original-game/ERB/システム関係/アルバイト関係/ARBEIT_05_ELENA.ERB:8, ARBEIT_TITLE_6@original-game/ERB/システム関係/アルバイト関係/ARBEIT_06_AYESHA.ERB:8, ARBEIT_TITLE_7@original-game/ERB/システム関係/アルバイト関係/ARBEIT_07_OTOHA.ERB:8, ARBEIT_TITLE_8@original-game/ERB/システム関係/アルバイト関係/ARBEIT_08_MARI.ERB:8
original-game/ERB/システム関係/アルバイト関係/ARBEIT.ERB	システム関係	89	ARBEIT_LIST	CALLFORM	ARBEIT_TITLE_{CFLAG:ARG:801}	ARBEIT_TITLE_	8	ARBEIT_TITLE_1@original-game/ERB/システム関係/アルバイト関係/ARBEIT_01_KANON.ERB:8, ARBEIT_TITLE_2@original-game/ERB/システム関係/アルバイト関係/ARBEIT_02_SAORI.ERB:9, ARBEIT_TITLE_3@original-game/ERB/システム関係/アルバイト関係/ARBEIT_03_YUKAKO.ERB:8, ARBEIT_TITLE_4@original-game/ERB/システム関係/アルバイト関係/ARBEIT_04_HARUNO.ERB:8, ARBEIT_TITLE_5@original-game/ERB/システム関係/アルバイト関係/ARBEIT_05_ELENA.ERB:8, ARBEIT_TITLE_6@original-game/ERB/システム関係/アルバイト関係/ARBEIT_06_AYESHA.ERB:8, ARBEIT_TITLE_7@original-game/ERB/システム関係/アルバイト関係/ARBEIT_07_OTOHA.ERB:8, ARBEIT_TITLE_8@original-game/ERB/システム関係/アルバイト関係/ARBEIT_08_MARI.ERB:8
original-game/ERB/システム関係/アルバイト関係/ARBEIT.ERB	システム関係	111	ARBEIT_LIST	CALLFORM	ARBEIT_TITLE_{LOCAL}	ARBEIT_TITLE_	8	ARBEIT_TITLE_1@original-game/ERB/システム関係/アルバイト関係/ARBEIT_01_KANON.ERB:8, ARBEIT_TITLE_2@original-game/ERB/システム関係/アルバイト関係/ARBEIT_02_SAORI.ERB:9, ARBEIT_TITLE_3@original-game/ERB/システム関係/アルバイト関係/ARBEIT_03_YUKAKO.ERB:8, ARBEIT_TITLE_4@original-game/ERB/システム関係/アルバイト関係/ARBEIT_04_HARUNO.ERB:8, ARBEIT_TITLE_5@original-game/ERB/システム関係/アルバイト関係/ARBEIT_05_ELENA.ERB:8, ARBEIT_TITLE_6@original-game/ERB/システム関係/アルバイト関係/ARBEIT_06_AYESHA.ERB:8, ARBEIT_TITLE_7@original-game/ERB/システム関係/アルバイト関係/ARBEIT_07_OTOHA.ERB:8, ARBEIT_TITLE_8@original-game/ERB/システム関係/アルバイト関係/ARBEIT_08_MARI.ERB:8
original-game/ERB/システム関係/アルバイト関係/ARBEIT.ERB	システム関係	118	ARBEIT_LIST	TRYCALLFORM	ARBEIT_INFO_{LOCAL}	ARBEIT_INFO_	8	ARBEIT_INFO_1@original-game/ERB/システム関係/アルバイト関係/ARBEIT_01_KANON.ERB:75, ARBEIT_INFO_2@original-game/ERB/システム関係/アルバイト関係/ARBEIT_02_SAORI.ERB:72, ARBEIT_INFO_3@original-game/ERB/システム関係/アルバイト関係/ARBEIT_03_YUKAKO.ERB:70, ARBEIT_INFO_4@original-game/ERB/システム関係/アルバイト関係/ARBEIT_04_HARUNO.ERB:72, ARBEIT_INFO_5@original-game/ERB/システム関係/アルバイト関係/ARBEIT_05_ELENA.ERB:70, ARBEIT_INFO_6@original-game/ERB/システム関係/アルバイト関係/ARBEIT_06_AYESHA.ERB:69, ARBEIT_INFO_7@original-game/ERB/システム関係/アルバイト関係/ARBEIT_07_OTOHA.ERB:74, ARBEIT_INFO_8@original-game/ERB/システム関係/アルバイト関係/ARBEIT_08_MARI.ERB:74
original-game/ERB/システム関係/アルバイト関係/ARBEIT.ERB	システム関係	128	ARBEIT_LIST	CALLFORM	ARBEIT_TITLE_{CFLAG:ARG:801}	ARBEIT_TITLE_	8	ARBEIT_TITLE_1@original-game/ERB/システム関係/アルバイト関係/ARBEIT_01_KANON.ERB:8, ARBEIT_TITLE_2@original-game/ERB/システム関係/アルバイト関係/ARBEIT_02_SAORI.ERB:9, ARBEIT_TITLE_3@original-game/ERB/システム関係/アルバイト関係/ARBEIT_03_YUKAKO.ERB:8, ARBEIT_TITLE_4@original-game/ERB/システム関係/アルバイト関係/ARBEIT_04_HARUNO.ERB:8, ARBEIT_TITLE_5@original-game/ERB/システム関係/アルバイト関係/ARBEIT_05_ELENA.ERB:8, ARBEIT_TITLE_6@original-game/ERB/システム関係/アルバイト関係/ARBEIT_06_AYESHA.ERB:8, ARBEIT_TITLE_7@original-game/ERB/システム関係/アルバイト関係/ARBEIT_07_OTOHA.ERB:8, ARBEIT_TITLE_8@original-game/ERB/システム関係/アルバイト関係/ARBEIT_08_MARI.ERB:8
original-game/ERB/システム関係/アルバイト関係/ARBEIT.ERB	システム関係	182	ARBEIT_HEADER_INFO	TRYCCALLFORM	ARBEIT_TITLE_{CFLAG:ARG:801}	ARBEIT_TITLE_	8	ARBEIT_TITLE_1@original-game/ERB/システム関係/アルバイト関係/ARBEIT_01_KANON.ERB:8, ARBEIT_TITLE_2@original-game/ERB/システム関係/アルバイト関係/ARBEIT_02_SAORI.ERB:9, ARBEIT_TITLE_3@original-game/ERB/システム関係/アルバイト関係/ARBEIT_03_YUKAKO.ERB:8, ARBEIT_TITLE_4@original-game/ERB/システム関係/アルバイト関係/ARBEIT_04_HARUNO.ERB:8, ARBEIT_TITLE_5@original-game/ERB/システム関係/アルバイト関係/ARBEIT_05_ELENA.ERB:8, ARBEIT_TITLE_6@original-game/ERB/システム関係/アルバイト関係/ARBEIT_06_AYESHA.ERB:8, ARBEIT_TITLE_7@original-game/ERB/システム関係/アルバイト関係/ARBEIT_07_OTOHA.ERB:8, ARBEIT_TITLE_8@original-game/ERB/システム関係/アルバイト関係/ARBEIT_08_MARI.ERB:8
original-game/ERB/システム関係/アルバイト関係/ARBEIT.ERB	システム関係	199	ARBEIT_SIGNUP	TRYCALLFORM	ARBEIT_SIGNUP_{ARG:1}(ARG)	ARBEIT_SIGNUP_	0	
original-game/ERB/システム関係/アルバイト関係/ARBEIT.ERB	システム関係	210	ARBEIT_RESIGN	TRYCALLFORM	ARBEIT_RESIGN_{CFLAG:ARG:801}(ARG, ARG:1)	ARBEIT_RESIGN_	0	
original-game/ERB/システム関係/アルバイト関係/ARBEIT.ERB	システム関係	225	ARBEIT_EXEC	TRYCALLFORM	ARBEIT_ABSENCE_{CFLAG:LOCAL:801}(LOCAL)	ARBEIT_ABSENCE_	0	
original-game/ERB/システム関係/アルバイト関係/ARBEIT.ERB	システム関係	228	ARBEIT_EXEC	CALLFORM	ARBEIT_EXEC_{CFLAG:LOCAL:801}(LOCAL)	ARBEIT_EXEC_	8	ARBEIT_EXEC_1@original-game/ERB/システム関係/アルバイト関係/ARBEIT_01_KANON.ERB:45, ARBEIT_EXEC_2@original-game/ERB/システム関係/アルバイト関係/ARBEIT_02_SAORI.ERB:43, ARBEIT_EXEC_3@original-game/ERB/システム関係/アルバイト関係/ARBEIT_03_YUKAKO.ERB:42, ARBEIT_EXEC_4@original-game/ERB/システム関係/アルバイト関係/ARBEIT_04_HARUNO.ERB:42, ARBEIT_EXEC_5@original-game/ERB/システム関係/アルバイト関係/ARBEIT_05_ELENA.ERB:42, ARBEIT_EXEC_6@original-game/ERB/システム関係/アルバイト関係/ARBEIT_06_AYESHA.ERB:42, ARBEIT_EXEC_7@original-game/ERB/システム関係/アルバイト関係/ARBEIT_07_OTOHA.ERB:42, ARBEIT_EXEC_8@original-game/ERB/システム関係/アルバイト関係/ARBEIT_08_MARI.ERB:42
original-game/ERB/システム関係/アルバイト関係/ARBEIT.ERB	システム関係	245	ARBEIT_CHECK_RENEW	CALLFORM	ARBEIT_PERMISSION_{CFLAG:LOCAL:801}(LOCAL)	ARBEIT_PERMISSION_	8	ARBEIT_PERMISSION_1@original-game/ERB/システム関係/アルバイト関係/ARBEIT_01_KANON.ERB:26, ARBEIT_PERMISSION_2@original-game/ERB/システム関係/アルバイト関係/ARBEIT_02_SAORI.ERB:27, ARBEIT_PERMISSION_3@original-game/ERB/システム関係/アルバイト関係/ARBEIT_03_YUKAKO.ERB:26, ARBEIT_PERMISSION_4@original-game/ERB/システム関係/アルバイト関係/ARBEIT_04_HARUNO.ERB:26, ARBEIT_PERMISSION_5@original-game/ERB/システム関係/アルバイト関係/ARBEIT_05_ELENA.ERB:26, ARBEIT_PERMISSION_6@original-game/ERB/システム関係/アルバイト関係/ARBEIT_06_AYESHA.ERB:26, ARBEIT_PERMISSION_7@original-game/ERB/システム関係/アルバイト関係/ARBEIT_07_OTOHA.ERB:26, ARBEIT_PERMISSION_8@original-game/ERB/システム関係/アルバイト関係/ARBEIT_08_MARI.ERB:26
original-game/ERB/システム関係/アルバイト関係/ARBEIT.ERB	システム関係	247	ARBEIT_CHECK_RENEW	TRYCCALLFORM	ARBEIT_RENEW_{CFLAG:LOCAL:801}	ARBEIT_RENEW_	0	
original-game/ERB/ミッション関係/MISSION.ERB	ミッション関係	43	MISSION_MAIN	CALLFORM	MISSION_INFO_{LOCAL:1}	MISSION_INFO_	21	MISSION_INFO_10@original-game/ERB/ミッション関係/キャラ/MISSION_10_MIKU.ERB:41, MISSION_INFO_11@original-game/ERB/ミッション関係/キャラ/MISSION_11_NOEL.ERB:41, MISSION_INFO_12@original-game/ERB/ミッション関係/キャラ/MISSION_12_HIKARU.ERB:47, MISSION_INFO_13@original-game/ERB/ミッション関係/キャラ/MISSION_13_TOMOKO.ERB:41, MISSION_INFO_14@original-game/ERB/ミッション関係/キャラ/MISSION_14_YUUKI.ERB:41, MISSION_INFO_15@original-game/ERB/ミッション関係/キャラ/MISSION_15_MEIKO.ERB:41, MISSION_INFO_16@original-game/ERB/ミッション関係/キャラ/MISSION_16_ANN.ERB:41, MISSION_INFO_17@original-game/ERB/ミッション関係/キャラ/MISSION_17_KURSTINA.ERB:41, MISSION_INFO_18@original-game/ERB/ミッション関係/キャラ/MISSION_18_NICOLE.ERB:41, MISSION_INFO_19@original-game/ERB/ミッション関係/キャラ/MISSION_19_NARU.ERB:41, MISSION_INFO_1@original-game/ERB/ミッション関係/キャラ/MISSION_1_AYESHA.ERB:46, MISSION_INFO_20@original-game/ERB/ミッション関係/キャラ/MISSION_20_NEWGENERATION.ERB:44, MISSION_INFO_2@original-game/ERB/ミッション関係/キャラ/MISSION_2_ASUKA.ERB:41, MISSION_INFO_30@original-game/ERB/ミッション関係/キャラ/MISSION_30_LIESELOTTE.ERB:42, MISSION_INFO_3@original-game/ERB/ミッション関係/キャラ/MISSION_3_ANZU.ERB:41, MISSION_INFO_4@original-game/ERB/ミッション関係/キャラ/MISSION_4_MIYA.ERB:49, MISSION_INFO_5@original-game/ERB/ミッション関係/キャラ/MISSION_5_TOHKO.ERB:41, MISSION_INFO_6@original-game/ERB/ミッション関係/キャラ/MISSION_6_HARUMI.ERB:41, MISSION_INFO_7@original-game/ERB/ミッション関係/キャラ/MISSION_7_SHION.ERB:41, MISSION_INFO_8@original-game/ERB/ミッション関係/キャラ/MISSION_8_MICHIRU.ERB:41, MISSION_INFO_9@original-game/ERB/ミッション関係/キャラ/MISSION_9_RIKKA.ERB:41
original-game/ERB/ミッション関係/MISSION.ERB	ミッション関係	53	MISSION_MAIN	TRYCCALLFORM	MISSION_COND_{LOCAL}	MISSION_COND_	0	
original-game/ERB/ミッション関係/MISSION.ERB	ミッション関係	104	MISSION_HEADER_INFO	CALLFORM	MISSION_TITLE_{ARG}	MISSION_TITLE_	21	MISSION_TITLE_10@original-game/ERB/ミッション関係/キャラ/MISSION_10_MIKU.ERB:6, MISSION_TITLE_11@original-game/ERB/ミッション関係/キャラ/MISSION_11_NOEL.ERB:6, MISSION_TITLE_12@original-game/ERB/ミッション関係/キャラ/MISSION_12_HIKARU.ERB:6, MISSION_TITLE_13@original-game/ERB/ミッション関係/キャラ/MISSION_13_TOMOKO.ERB:6, MISSION_TITLE_14@original-game/ERB/ミッション関係/キャラ/MISSION_14_YUUKI.ERB:6, MISSION_TITLE_15@original-game/ERB/ミッション関係/キャラ/MISSION_15_MEIKO.ERB:6, MISSION_TITLE_16@original-game/ERB/ミッション関係/キャラ/MISSION_16_ANN.ERB:6, MISSION_TITLE_17@original-game/ERB/ミッション関係/キャラ/MISSION_17_KURSTINA.ERB:6, MISSION_TITLE_18@original-game/ERB/ミッション関係/キャラ/MISSION_18_NICOLE.ERB:6, MISSION_TITLE_19@original-game/ERB/ミッション関係/キャラ/MISSION_19_NARU.ERB:6, MISSION_TITLE_1@original-game/ERB/ミッション関係/キャラ/MISSION_1_AYESHA.ERB:10, MISSION_TITLE_20@original-game/ERB/ミッション関係/キャラ/MISSION_20_NEWGENERATION.ERB:6, MISSION_TITLE_2@original-game/ERB/ミッション関係/キャラ/MISSION_2_ASUKA.ERB:6, MISSION_TITLE_30@original-game/ERB/ミッション関係/キャラ/MISSION_30_LIESELOTTE.ERB:6, MISSION_TITLE_3@original-game/ERB/ミッション関係/キャラ/MISSION_3_ANZU.ERB:6, MISSION_TITLE_4@original-game/ERB/ミッション関係/キャラ/MISSION_4_MIYA.ERB:6, MISSION_TITLE_5@original-game/ERB/ミッション関係/キャラ/MISSION_5_TOHKO.ERB:6, MISSION_TITLE_6@original-game/ERB/ミッション関係/キャラ/MISSION_6_HARUMI.ERB:6, MISSION_TITLE_7@original-game/ERB/ミッション関係/キャラ/MISSION_7_SHION.ERB:6, MISSION_TITLE_8@original-game/ERB/ミッション関係/キャラ/MISSION_8_MICHIRU.ERB:6, MISSION_TITLE_9@original-game/ERB/ミッション関係/キャラ/MISSION_9_RIKKA.ERB:6
original-game/ERB/ミッション関係/MISSION.ERB	ミッション関係	105	MISSION_HEADER_INFO	TRYCCALLFORM	MISSION_CHARA_NO_{ARG}	MISSION_CHARA_NO_	21	MISSION_CHARA_NO_10@original-game/ERB/ミッション関係/キャラ/MISSION_10_MIKU.ERB:124, MISSION_CHARA_NO_11@original-game/ERB/ミッション関係/キャラ/MISSION_11_NOEL.ERB:139, MISSION_CHARA_NO_12@original-game/ERB/ミッション関係/キャラ/MISSION_12_HIKARU.ERB:174, MISSION_CHARA_NO_13@original-game/ERB/ミッション関係/キャラ/MISSION_13_TOMOKO.ERB:148, MISSION_CHARA_NO_14@original-game/ERB/ミッション関係/キャラ/MISSION_14_YUUKI.ERB:143, MISSION_CHARA_NO_15@original-game/ERB/ミッション関係/キャラ/MISSION_15_MEIKO.ERB:161, MISSION_CHARA_NO_16@original-game/ERB/ミッション関係/キャラ/MISSION_16_ANN.ERB:147, MISSION_CHARA_NO_17@original-game/ERB/ミッション関係/キャラ/MISSION_17_KURSTINA.ERB:160, MISSION_CHARA_NO_18@original-game/ERB/ミッション関係/キャラ/MISSION_18_NICOLE.ERB:156, MISSION_CHARA_NO_19@original-game/ERB/ミッション関係/キャラ/MISSION_19_NARU.ERB:146, MISSION_CHARA_NO_1@original-game/ERB/ミッション関係/キャラ/MISSION_1_AYESHA.ERB:126, MISSION_CHARA_NO_20@original-game/ERB/ミッション関係/キャラ/MISSION_20_NEWGENERATION.ERB:285, MISSION_CHARA_NO_2@original-game/ERB/ミッション関係/キャラ/MISSION_2_ASUKA.ERB:124, MISSION_CHARA_NO_30@original-game/ERB/ミッション関係/キャラ/MISSION_30_LIESELOTTE.ERB:181, MISSION_CHARA_NO_3@original-game/ERB/ミッション関係/キャラ/MISSION_3_ANZU.ERB:124, MISSION_CHARA_NO_4@original-game/ERB/ミッション関係/キャラ/MISSION_4_MIYA.ERB:145, MISSION_CHARA_NO_5@original-game/ERB/ミッション関係/キャラ/MISSION_5_TOHKO.ERB:159, MISSION_CHARA_NO_6@original-game/ERB/ミッション関係/キャラ/MISSION_6_HARUMI.ERB:152, MISSION_CHARA_NO_7@original-game/ERB/ミッション関係/キャラ/MISSION_7_SHION.ERB:134, MISSION_CHARA_NO_8@original-game/ERB/ミッション関係/キャラ/MISSION_8_MICHIRU.ERB:141, MISSION_CHARA_NO_9@original-game/ERB/ミッション関係/キャラ/MISSION_9_RIKKA.ERB:117
original-game/ERB/ミッション関係/MISSION.ERB	ミッション関係	165	MISSION_LIST	TRYCCALLFORM	MISSION_TITLE_{LOCAL}	MISSION_TITLE_	21	MISSION_TITLE_10@original-game/ERB/ミッション関係/キャラ/MISSION_10_MIKU.ERB:6, MISSION_TITLE_11@original-game/ERB/ミッション関係/キャラ/MISSION_11_NOEL.ERB:6, MISSION_TITLE_12@original-game/ERB/ミッション関係/キャラ/MISSION_12_HIKARU.ERB:6, MISSION_TITLE_13@original-game/ERB/ミッション関係/キャラ/MISSION_13_TOMOKO.ERB:6, MISSION_TITLE_14@original-game/ERB/ミッション関係/キャラ/MISSION_14_YUUKI.ERB:6, MISSION_TITLE_15@original-game/ERB/ミッション関係/キャラ/MISSION_15_MEIKO.ERB:6, MISSION_TITLE_16@original-game/ERB/ミッション関係/キャラ/MISSION_16_ANN.ERB:6, MISSION_TITLE_17@original-game/ERB/ミッション関係/キャラ/MISSION_17_KURSTINA.ERB:6, MISSION_TITLE_18@original-game/ERB/ミッション関係/キャラ/MISSION_18_NICOLE.ERB:6, MISSION_TITLE_19@original-game/ERB/ミッション関係/キャラ/MISSION_19_NARU.ERB:6, MISSION_TITLE_1@original-game/ERB/ミッション関係/キャラ/MISSION_1_AYESHA.ERB:10, MISSION_TITLE_20@original-game/ERB/ミッション関係/キャラ/MISSION_20_NEWGENERATION.ERB:6, MISSION_TITLE_2@original-game/ERB/ミッション関係/キャラ/MISSION_2_ASUKA.ERB:6, MISSION_TITLE_30@original-game/ERB/ミッション関係/キャラ/MISSION_30_LIESELOTTE.ERB:6, MISSION_TITLE_3@original-game/ERB/ミッション関係/キャラ/MISSION_3_ANZU.ERB:6, MISSION_TITLE_4@original-game/ERB/ミッション関係/キャラ/MISSION_4_MIYA.ERB:6, MISSION_TITLE_5@original-game/ERB/ミッション関係/キャラ/MISSION_5_TOHKO.ERB:6, MISSION_TITLE_6@original-game/ERB/ミッション関係/キャラ/MISSION_6_HARUMI.ERB:6, MISSION_TITLE_7@original-game/ERB/ミッション関係/キャラ/MISSION_7_SHION.ERB:6, MISSION_TITLE_8@original-game/ERB/ミッション関係/キャラ/MISSION_8_MICHIRU.ERB:6, MISSION_TITLE_9@original-game/ERB/ミッション関係/キャラ/MISSION_9_RIKKA.ERB:6
original-game/ERB/ミッション関係/MISSION.ERB	ミッション関係	186	MISSION_LIST	CALLFORM	MISSION_VISIBLE_{LIST:LOCAL}	MISSION_VISIBLE_	21	MISSION_VISIBLE_10@original-game/ERB/ミッション関係/キャラ/MISSION_10_MIKU.ERB:15, MISSION_VISIBLE_11@original-game/ERB/ミッション関係/キャラ/MISSION_11_NOEL.ERB:15, MISSION_VISIBLE_12@original-game/ERB/ミッション関係/キャラ/MISSION_12_HIKARU.ERB:15, MISSION_VISIBLE_13@original-game/ERB/ミッション関係/キャラ/MISSION_13_TOMOKO.ERB:15, MISSION_VISIBLE_14@original-game/ERB/ミッション関係/キャラ/MISSION_14_YUUKI.ERB:15, MISSION_VISIBLE_15@original-game/ERB/ミッション関係/キャラ/MISSION_15_MEIKO.ERB:15, MISSION_VISIBLE_16@original-game/ERB/ミッション関係/キャラ/MISSION_16_ANN.ERB:15, MISSION_VISIBLE_17@original-game/ERB/ミッション関係/キャラ/MISSION_17_KURSTINA.ERB:15, MISSION_VISIBLE_18@original-game/ERB/ミッション関係/キャラ/MISSION_18_NICOLE.ERB:15, MISSION_VISIBLE_19@original-game/ERB/ミッション関係/キャラ/MISSION_19_NARU.ERB:15, MISSION_VISIBLE_1@original-game/ERB/ミッション関係/キャラ/MISSION_1_AYESHA.ERB:19, MISSION_VISIBLE_20@original-game/ERB/ミッション関係/キャラ/MISSION_20_NEWGENERATION.ERB:15, MISSION_VISIBLE_2@original-game/ERB/ミッション関係/キャラ/MISSION_2_ASUKA.ERB:15, MISSION_VISIBLE_30@original-game/ERB/ミッション関係/キャラ/MISSION_30_LIESELOTTE.ERB:15, MISSION_VISIBLE_3@original-game/ERB/ミッション関係/キャラ/MISSION_3_ANZU.ERB:15, MISSION_VISIBLE_4@original-game/ERB/ミッション関係/キャラ/MISSION_4_MIYA.ERB:15, MISSION_VISIBLE_5@original-game/ERB/ミッション関係/キャラ/MISSION_5_TOHKO.ERB:15, MISSION_VISIBLE_6@original-game/ERB/ミッション関係/キャラ/MISSION_6_HARUMI.ERB:15, MISSION_VISIBLE_7@original-game/ERB/ミッション関係/キャラ/MISSION_7_SHION.ERB:15, MISSION_VISIBLE_8@original-game/ERB/ミッション関係/キャラ/MISSION_8_MICHIRU.ERB:15, MISSION_VISIBLE_9@original-game/ERB/ミッション関係/キャラ/MISSION_9_RIKKA.ERB:15
original-game/ERB/ミッション関係/MISSION.ERB	ミッション関係	189	MISSION_LIST	CALLFORM	MISSION_TITLE_{LIST:LOCAL}	MISSION_TITLE_	21	MISSION_TITLE_10@original-game/ERB/ミッション関係/キャラ/MISSION_10_MIKU.ERB:6, MISSION_TITLE_11@original-game/ERB/ミッション関係/キャラ/MISSION_11_NOEL.ERB:6, MISSION_TITLE_12@original-game/ERB/ミッション関係/キャラ/MISSION_12_HIKARU.ERB:6, MISSION_TITLE_13@original-game/ERB/ミッション関係/キャラ/MISSION_13_TOMOKO.ERB:6, MISSION_TITLE_14@original-game/ERB/ミッション関係/キャラ/MISSION_14_YUUKI.ERB:6, MISSION_TITLE_15@original-game/ERB/ミッション関係/キャラ/MISSION_15_MEIKO.ERB:6, MISSION_TITLE_16@original-game/ERB/ミッション関係/キャラ/MISSION_16_ANN.ERB:6, MISSION_TITLE_17@original-game/ERB/ミッション関係/キャラ/MISSION_17_KURSTINA.ERB:6, MISSION_TITLE_18@original-game/ERB/ミッション関係/キャラ/MISSION_18_NICOLE.ERB:6, MISSION_TITLE_19@original-game/ERB/ミッション関係/キャラ/MISSION_19_NARU.ERB:6, MISSION_TITLE_1@original-game/ERB/ミッション関係/キャラ/MISSION_1_AYESHA.ERB:10, MISSION_TITLE_20@original-game/ERB/ミッション関係/キャラ/MISSION_20_NEWGENERATION.ERB:6, MISSION_TITLE_2@original-game/ERB/ミッション関係/キャラ/MISSION_2_ASUKA.ERB:6, MISSION_TITLE_30@original-game/ERB/ミッション関係/キャラ/MISSION_30_LIESELOTTE.ERB:6, MISSION_TITLE_3@original-game/ERB/ミッション関係/キャラ/MISSION_3_ANZU.ERB:6, MISSION_TITLE_4@original-game/ERB/ミッション関係/キャラ/MISSION_4_MIYA.ERB:6, MISSION_TITLE_5@original-game/ERB/ミッション関係/キャラ/MISSION_5_TOHKO.ERB:6, MISSION_TITLE_6@original-game/ERB/ミッション関係/キャラ/MISSION_6_HARUMI.ERB:6, MISSION_TITLE_7@original-game/ERB/ミッション関係/キャラ/MISSION_7_SHION.ERB:6, MISSION_TITLE_8@original-game/ERB/ミッション関係/キャラ/MISSION_8_MICHIRU.ERB:6, MISSION_TITLE_9@original-game/ERB/ミッション関係/キャラ/MISSION_9_RIKKA.ERB:6
original-game/ERB/ミッション関係/MISSION.ERB	ミッション関係	193	MISSION_LIST	CALLFORM	MISSION_TITLE_{LIST:LOCAL}	MISSION_TITLE_	21	MISSION_TITLE_10@original-game/ERB/ミッション関係/キャラ/MISSION_10_MIKU.ERB:6, MISSION_TITLE_11@original-game/ERB/ミッション関係/キャラ/MISSION_11_NOEL.ERB:6, MISSION_TITLE_12@original-game/ERB/ミッション関係/キャラ/MISSION_12_HIKARU.ERB:6, MISSION_TITLE_13@original-game/ERB/ミッション関係/キャラ/MISSION_13_TOMOKO.ERB:6, MISSION_TITLE_14@original-game/ERB/ミッション関係/キャラ/MISSION_14_YUUKI.ERB:6, MISSION_TITLE_15@original-game/ERB/ミッション関係/キャラ/MISSION_15_MEIKO.ERB:6, MISSION_TITLE_16@original-game/ERB/ミッション関係/キャラ/MISSION_16_ANN.ERB:6, MISSION_TITLE_17@original-game/ERB/ミッション関係/キャラ/MISSION_17_KURSTINA.ERB:6, MISSION_TITLE_18@original-game/ERB/ミッション関係/キャラ/MISSION_18_NICOLE.ERB:6, MISSION_TITLE_19@original-game/ERB/ミッション関係/キャラ/MISSION_19_NARU.ERB:6, MISSION_TITLE_1@original-game/ERB/ミッション関係/キャラ/MISSION_1_AYESHA.ERB:10, MISSION_TITLE_20@original-game/ERB/ミッション関係/キャラ/MISSION_20_NEWGENERATION.ERB:6, MISSION_TITLE_2@original-game/ERB/ミッション関係/キャラ/MISSION_2_ASUKA.ERB:6, MISSION_TITLE_30@original-game/ERB/ミッション関係/キャラ/MISSION_30_LIESELOTTE.ERB:6, MISSION_TITLE_3@original-game/ERB/ミッション関係/キャラ/MISSION_3_ANZU.ERB:6, MISSION_TITLE_4@original-game/ERB/ミッション関係/キャラ/MISSION_4_MIYA.ERB:6, MISSION_TITLE_5@original-game/ERB/ミッション関係/キャラ/MISSION_5_TOHKO.ERB:6, MISSION_TITLE_6@original-game/ERB/ミッション関係/キャラ/MISSION_6_HARUMI.ERB:6, MISSION_TITLE_7@original-game/ERB/ミッション関係/キャラ/MISSION_7_SHION.ERB:6, MISSION_TITLE_8@original-game/ERB/ミッション関係/キャラ/MISSION_8_MICHIRU.ERB:6, MISSION_TITLE_9@original-game/ERB/ミッション関係/キャラ/MISSION_9_RIKKA.ERB:6
original-game/ERB/ミッション関係/MISSION.ERB	ミッション関係	234	MISSION_LIST	CALLFORM	MISSION_INFO_{LIST:RESULT}	MISSION_INFO_	21	MISSION_INFO_10@original-game/ERB/ミッション関係/キャラ/MISSION_10_MIKU.ERB:41, MISSION_INFO_11@original-game/ERB/ミッション関係/キャラ/MISSION_11_NOEL.ERB:41, MISSION_INFO_12@original-game/ERB/ミッション関係/キャラ/MISSION_12_HIKARU.ERB:47, MISSION_INFO_13@original-game/ERB/ミッション関係/キャラ/MISSION_13_TOMOKO.ERB:41, MISSION_INFO_14@original-game/ERB/ミッション関係/キャラ/MISSION_14_YUUKI.ERB:41, MISSION_INFO_15@original-game/ERB/ミッション関係/キャラ/MISSION_15_MEIKO.ERB:41, MISSION_INFO_16@original-game/ERB/ミッション関係/キャラ/MISSION_16_ANN.ERB:41, MISSION_INFO_17@original-game/ERB/ミッション関係/キャラ/MISSION_17_KURSTINA.ERB:41, MISSION_INFO_18@original-game/ERB/ミッション関係/キャラ/MISSION_18_NICOLE.ERB:41, MISSION_INFO_19@original-game/ERB/ミッション関係/キャラ/MISSION_19_NARU.ERB:41, MISSION_INFO_1@original-game/ERB/ミッション関係/キャラ/MISSION_1_AYESHA.ERB:46, MISSION_INFO_20@original-game/ERB/ミッション関係/キャラ/MISSION_20_NEWGENERATION.ERB:44, MISSION_INFO_2@original-game/ERB/ミッション関係/キャラ/MISSION_2_ASUKA.ERB:41, MISSION_INFO_30@original-game/ERB/ミッション関係/キャラ/MISSION_30_LIESELOTTE.ERB:42, MISSION_INFO_3@original-game/ERB/ミッション関係/キャラ/MISSION_3_ANZU.ERB:41, MISSION_INFO_4@original-game/ERB/ミッション関係/キャラ/MISSION_4_MIYA.ERB:49, MISSION_INFO_5@original-game/ERB/ミッション関係/キャラ/MISSION_5_TOHKO.ERB:41, MISSION_INFO_6@original-game/ERB/ミッション関係/キャラ/MISSION_6_HARUMI.ERB:41, MISSION_INFO_7@original-game/ERB/ミッション関係/キャラ/MISSION_7_SHION.ERB:41, MISSION_INFO_8@original-game/ERB/ミッション関係/キャラ/MISSION_8_MICHIRU.ERB:41, MISSION_INFO_9@original-game/ERB/ミッション関係/キャラ/MISSION_9_RIKKA.ERB:41
original-game/ERB/ミッション関係/MISSION.ERB	ミッション関係	246	MISSION_LIST	CALLFORM	MISSION_RECEIVE_{LOCAL}	MISSION_RECEIVE_	21	MISSION_RECEIVE_10@original-game/ERB/ミッション関係/キャラ/MISSION_10_MIKU.ERB:76, MISSION_RECEIVE_11@original-game/ERB/ミッション関係/キャラ/MISSION_11_NOEL.ERB:96, MISSION_RECEIVE_12@original-game/ERB/ミッション関係/キャラ/MISSION_12_HIKARU.ERB:102, MISSION_RECEIVE_13@original-game/ERB/ミッション関係/キャラ/MISSION_13_TOMOKO.ERB:86, MISSION_RECEIVE_14@original-game/ERB/ミッション関係/キャラ/MISSION_14_YUUKI.ERB:90, MISSION_RECEIVE_15@original-game/ERB/ミッション関係/キャラ/MISSION_15_MEIKO.ERB:89, MISSION_RECEIVE_16@original-game/ERB/ミッション関係/キャラ/MISSION_16_ANN.ERB:89, MISSION_RECEIVE_17@original-game/ERB/ミッション関係/キャラ/MISSION_17_KURSTINA.ERB:90, MISSION_RECEIVE_18@original-game/ERB/ミッション関係/キャラ/MISSION_18_NICOLE.ERB:85, MISSION_RECEIVE_19@original-game/ERB/ミッション関係/キャラ/MISSION_19_NARU.ERB:86, MISSION_RECEIVE_1@original-game/ERB/ミッション関係/キャラ/MISSION_1_AYESHA.ERB:78, MISSION_RECEIVE_20@original-game/ERB/ミッション関係/キャラ/MISSION_20_NEWGENERATION.ERB:127, MISSION_RECEIVE_2@original-game/ERB/ミッション関係/キャラ/MISSION_2_ASUKA.ERB:75, MISSION_RECEIVE_30@original-game/ERB/ミッション関係/キャラ/MISSION_30_LIESELOTTE.ERB:99, MISSION_RECEIVE_3@original-game/ERB/ミッション関係/キャラ/MISSION_3_ANZU.ERB:78, MISSION_RECEIVE_4@original-game/ERB/ミッション関係/キャラ/MISSION_4_MIYA.ERB:85, MISSION_RECEIVE_5@original-game/ERB/ミッション関係/キャラ/MISSION_5_TOHKO.ERB:84, MISSION_RECEIVE_6@original-game/ERB/ミッション関係/キャラ/MISSION_6_HARUMI.ERB:74, MISSION_RECEIVE_7@original-game/ERB/ミッション関係/キャラ/MISSION_7_SHION.ERB:76, MISSION_RECEIVE_8@original-game/ERB/ミッション関係/キャラ/MISSION_8_MICHIRU.ERB:78, MISSION_RECEIVE_9@original-game/ERB/ミッション関係/キャラ/MISSION_9_RIKKA.ERB:78
original-game/ERB/ミッション関係/MISSION.ERB	ミッション関係	249	MISSION_LIST	TRYCCALLFORM	MISSION_COND_{LOCAL}	MISSION_COND_	0	
original-game/ERB/ミッション関係/MISSION.ERB	ミッション関係	295	MISSION_EXEC_REPORT	CALLFORM	MISSION_TITLE_{ARG}	MISSION_TITLE_	21	MISSION_TITLE_10@original-game/ERB/ミッション関係/キャラ/MISSION_10_MIKU.ERB:6, MISSION_TITLE_11@original-game/ERB/ミッション関係/キャラ/MISSION_11_NOEL.ERB:6, MISSION_TITLE_12@original-game/ERB/ミッション関係/キャラ/MISSION_12_HIKARU.ERB:6, MISSION_TITLE_13@original-game/ERB/ミッション関係/キャラ/MISSION_13_TOMOKO.ERB:6, MISSION_TITLE_14@original-game/ERB/ミッション関係/キャラ/MISSION_14_YUUKI.ERB:6, MISSION_TITLE_15@original-game/ERB/ミッション関係/キャラ/MISSION_15_MEIKO.ERB:6, MISSION_TITLE_16@original-game/ERB/ミッション関係/キャラ/MISSION_16_ANN.ERB:6, MISSION_TITLE_17@original-game/ERB/ミッション関係/キャラ/MISSION_17_KURSTINA.ERB:6, MISSION_TITLE_18@original-game/ERB/ミッション関係/キャラ/MISSION_18_NICOLE.ERB:6, MISSION_TITLE_19@original-game/ERB/ミッション関係/キャラ/MISSION_19_NARU.ERB:6, MISSION_TITLE_1@original-game/ERB/ミッション関係/キャラ/MISSION_1_AYESHA.ERB:10, MISSION_TITLE_20@original-game/ERB/ミッション関係/キャラ/MISSION_20_NEWGENERATION.ERB:6, MISSION_TITLE_2@original-game/ERB/ミッション関係/キャラ/MISSION_2_ASUKA.ERB:6, MISSION_TITLE_30@original-game/ERB/ミッション関係/キャラ/MISSION_30_LIESELOTTE.ERB:6, MISSION_TITLE_3@original-game/ERB/ミッション関係/キャラ/MISSION_3_ANZU.ERB:6, MISSION_TITLE_4@original-game/ERB/ミッション関係/キャラ/MISSION_4_MIYA.ERB:6, MISSION_TITLE_5@original-game/ERB/ミッション関係/キャラ/MISSION_5_TOHKO.ERB:6, MISSION_TITLE_6@original-game/ERB/ミッション関係/キャラ/MISSION_6_HARUMI.ERB:6, MISSION_TITLE_7@original-game/ERB/ミッション関係/キャラ/MISSION_7_SHION.ERB:6, MISSION_TITLE_8@original-game/ERB/ミッション関係/キャラ/MISSION_8_MICHIRU.ERB:6, MISSION_TITLE_9@original-game/ERB/ミッション関係/キャラ/MISSION_9_RIKKA.ERB:6
original-game/ERB/ミッション関係/MISSION.ERB	ミッション関係	300	MISSION_EXEC_REPORT	CALLFORM	MISSION_CALC_{ARG}	MISSION_CALC_	21	MISSION_CALC_10@original-game/ERB/ミッション関係/キャラ/MISSION_10_MIKU.ERB:89, MISSION_CALC_11@original-game/ERB/ミッション関係/キャラ/MISSION_11_NOEL.ERB:111, MISSION_CALC_12@original-game/ERB/ミッション関係/キャラ/MISSION_12_HIKARU.ERB:117, MISSION_CALC_13@original-game/ERB/ミッション関係/キャラ/MISSION_13_TOMOKO.ERB:101, MISSION_CALC_14@original-game/ERB/ミッション関係/キャラ/MISSION_14_YUUKI.ERB:105, MISSION_CALC_15@original-game/ERB/ミッション関係/キャラ/MISSION_15_MEIKO.ERB:100, MISSION_CALC_16@original-game/ERB/ミッション関係/キャラ/MISSION_16_ANN.ERB:104, MISSION_CALC_17@original-game/ERB/ミッション関係/キャラ/MISSION_17_KURSTINA.ERB:107, MISSION_CALC_18@original-game/ERB/ミッション関係/キャラ/MISSION_18_NICOLE.ERB:101, MISSION_CALC_19@original-game/ERB/ミッション関係/キャラ/MISSION_19_NARU.ERB:101, MISSION_CALC_1@original-game/ERB/ミッション関係/キャラ/MISSION_1_AYESHA.ERB:91, MISSION_CALC_20@original-game/ERB/ミッション関係/キャラ/MISSION_20_NEWGENERATION.ERB:154, MISSION_CALC_2@original-game/ERB/ミッション関係/キャラ/MISSION_2_ASUKA.ERB:89, MISSION_CALC_30@original-game/ERB/ミッション関係/キャラ/MISSION_30_LIESELOTTE.ERB:116, MISSION_CALC_3@original-game/ERB/ミッション関係/キャラ/MISSION_3_ANZU.ERB:89, MISSION_CALC_4@original-game/ERB/ミッション関係/キャラ/MISSION_4_MIYA.ERB:99, MISSION_CALC_5@original-game/ERB/ミッション関係/キャラ/MISSION_5_TOHKO.ERB:98, MISSION_CALC_6@original-game/ERB/ミッション関係/キャラ/MISSION_6_HARUMI.ERB:87, MISSION_CALC_7@original-game/ERB/ミッション関係/キャラ/MISSION_7_SHION.ERB:87, MISSION_CALC_8@original-game/ERB/ミッション関係/キャラ/MISSION_8_MICHIRU.ERB:91, MISSION_CALC_9@original-game/ERB/ミッション関係/キャラ/MISSION_9_RIKKA.ERB:89
original-game/ERB/ミッション関係/MISSION.ERB	ミッション関係	312	MISSION_EXEC_REPORT	CALLFORM	MISSION_FEE_{ARG}	MISSION_FEE_	21	MISSION_FEE_10@original-game/ERB/ミッション関係/キャラ/MISSION_10_MIKU.ERB:29, MISSION_FEE_11@original-game/ERB/ミッション関係/キャラ/MISSION_11_NOEL.ERB:29, MISSION_FEE_12@original-game/ERB/ミッション関係/キャラ/MISSION_12_HIKARU.ERB:29, MISSION_FEE_13@original-game/ERB/ミッション関係/キャラ/MISSION_13_TOMOKO.ERB:29, MISSION_FEE_14@original-game/ERB/ミッション関係/キャラ/MISSION_14_YUUKI.ERB:29, MISSION_FEE_15@original-game/ERB/ミッション関係/キャラ/MISSION_15_MEIKO.ERB:29, MISSION_FEE_16@original-game/ERB/ミッション関係/キャラ/MISSION_16_ANN.ERB:29, MISSION_FEE_17@original-game/ERB/ミッション関係/キャラ/MISSION_17_KURSTINA.ERB:29, MISSION_FEE_18@original-game/ERB/ミッション関係/キャラ/MISSION_18_NICOLE.ERB:29, MISSION_FEE_19@original-game/ERB/ミッション関係/キャラ/MISSION_19_NARU.ERB:29, MISSION_FEE_1@original-game/ERB/ミッション関係/キャラ/MISSION_1_AYESHA.ERB:33, MISSION_FEE_20@original-game/ERB/ミッション関係/キャラ/MISSION_20_NEWGENERATION.ERB:32, MISSION_FEE_2@original-game/ERB/ミッション関係/キャラ/MISSION_2_ASUKA.ERB:29, MISSION_FEE_30@original-game/ERB/ミッション関係/キャラ/MISSION_30_LIESELOTTE.ERB:30, MISSION_FEE_3@original-game/ERB/ミッション関係/キャラ/MISSION_3_ANZU.ERB:29, MISSION_FEE_4@original-game/ERB/ミッション関係/キャラ/MISSION_4_MIYA.ERB:29, MISSION_FEE_5@original-game/ERB/ミッション関係/キャラ/MISSION_5_TOHKO.ERB:29, MISSION_FEE_6@original-game/ERB/ミッション関係/キャラ/MISSION_6_HARUMI.ERB:29, MISSION_FEE_7@original-game/ERB/ミッション関係/キャラ/MISSION_7_SHION.ERB:29, MISSION_FEE_8@original-game/ERB/ミッション関係/キャラ/MISSION_8_MICHIRU.ERB:29, MISSION_FEE_9@original-game/ERB/ミッション関係/キャラ/MISSION_9_RIKKA.ERB:29
original-game/ERB/ミッション関係/MISSION.ERB	ミッション関係	345	MISSION_EXEC_REPORT	CALLFORM	MISSION_REPORT_{ARG}(LOCAL)	MISSION_REPORT_	21	MISSION_REPORT_10@original-game/ERB/ミッション関係/キャラ/MISSION_10_MIKU.ERB:112, MISSION_REPORT_11@original-game/ERB/ミッション関係/キャラ/MISSION_11_NOEL.ERB:127, MISSION_REPORT_12@original-game/ERB/ミッション関係/キャラ/MISSION_12_HIKARU.ERB:143, MISSION_REPORT_13@original-game/ERB/ミッション関係/キャラ/MISSION_13_TOMOKO.ERB:135, MISSION_REPORT_14@original-game/ERB/ミッション関係/キャラ/MISSION_14_YUUKI.ERB:130, MISSION_REPORT_15@original-game/ERB/ミッション関係/キャラ/MISSION_15_MEIKO.ERB:130, MISSION_REPORT_16@original-game/ERB/ミッション関係/キャラ/MISSION_16_ANN.ERB:130, MISSION_REPORT_17@original-game/ERB/ミッション関係/キャラ/MISSION_17_KURSTINA.ERB:135, MISSION_REPORT_18@original-game/ERB/ミッション関係/キャラ/MISSION_18_NICOLE.ERB:132, MISSION_REPORT_19@original-game/ERB/ミッション関係/キャラ/MISSION_19_NARU.ERB:132, MISSION_REPORT_1@original-game/ERB/ミッション関係/キャラ/MISSION_1_AYESHA.ERB:114, MISSION_REPORT_20@original-game/ERB/ミッション関係/キャラ/MISSION_20_NEWGENERATION.ERB:237, MISSION_REPORT_2@original-game/ERB/ミッション関係/キャラ/MISSION_2_ASUKA.ERB:112, MISSION_REPORT_30@original-game/ERB/ミッション関係/キャラ/MISSION_30_LIESELOTTE.ERB:151, MISSION_REPORT_3@original-game/ERB/ミッション関係/キャラ/MISSION_3_ANZU.ERB:112, MISSION_REPORT_4@original-game/ERB/ミッション関係/キャラ/MISSION_4_MIYA.ERB:133, MISSION_REPORT_5@original-game/ERB/ミッション関係/キャラ/MISSION_5_TOHKO.ERB:141, MISSION_REPORT_6@original-game/ERB/ミッション関係/キャラ/MISSION_6_HARUMI.ERB:132, MISSION_REPORT_7@original-game/ERB/ミッション関係/キャラ/MISSION_7_SHION.ERB:116, MISSION_REPORT_8@original-game/ERB/ミッション関係/キャラ/MISSION_8_MICHIRU.ERB:123, MISSION_REPORT_9@original-game/ERB/ミッション関係/キャラ/MISSION_9_RIKKA.ERB:105
original-game/ERB/実績関係/ACHIEVEMENT.ERB	実績関係	25	PRINT_ACHIEVEMENT	TRYCCALLFORM	ACHIEVEMENT_TITLE_{LOCAL}	ACHIEVEMENT_TITLE_	21	ACHIEVEMENT_TITLE_0@original-game/ERB/実績関係/ACHIEVEMENT_0_PLAYBOY.ERB:6, ACHIEVEMENT_TITLE_10@original-game/ERB/実績関係/ACHIEVEMENT_10_GOLDRUSH.ERB:6, ACHIEVEMENT_TITLE_11@original-game/ERB/実績関係/ACHIEVEMENT_11_YAOH.ERB:6, ACHIEVEMENT_TITLE_12@original-game/ERB/実績関係/ACHIEVEMENT_12_CHURCH.ERB:6, ACHIEVEMENT_TITLE_13@original-game/ERB/実績関係/ACHIEVEMENT_13_3RDGIRLFRIEND.ERB:6, ACHIEVEMENT_TITLE_14@original-game/ERB/実績関係/ACHIEVEMENT_14_BIG3.ERB:6, ACHIEVEMENT_TITLE_15@original-game/ERB/実績関係/ACHIEVEMENT_15_HAERETICUS.ERB:6, ACHIEVEMENT_TITLE_16@original-game/ERB/実績関係/ACHIEVEMENT_16_MIYAMA.ERB:6, ACHIEVEMENT_TITLE_17@original-game/ERB/実績関係/ACHIEVEMENT_17_FALLENANGELS.ERB:6, ACHIEVEMENT_TITLE_18@original-game/ERB/実績関係/ACHIEVEMENT_18_HUTANARI.ERB:6, ACHIEVEMENT_TITLE_19@original-game/ERB/実績関係/ACHIEVEMENT_19_ONLYONE_KANADE.ERB:6, ACHIEVEMENT_TITLE_1@original-game/ERB/実績関係/ACHIEVEMENT_1_LOLICOM.ERB:6, ACHIEVEMENT_TITLE_20@original-game/ERB/実績関係/ACHIEVEMENT_20_STRAWBERRY.ERB:6, ACHIEVEMENT_TITLE_2@original-game/ERB/実績関係/ACHIEVEMENT_2_OLDERSISTER.ERB:6, ACHIEVEMENT_TITLE_30@original-game/ERB/実績関係/ACHIEVEMENT_30_ACTRESS_LIST_COMPLETE.ERB:6, ACHIEVEMENT_TITLE_3@original-game/ERB/実績関係/ACHIEVEMENT_3_IMOPARA.ERB:6, ACHIEVEMENT_TITLE_4@original-game/ERB/実績関係/ACHIEVEMENT_4_TOLOVERU.ERB:6, ACHIEVEMENT_TITLE_5@original-game/ERB/実績関係/ACHIEVEMENT_5_VIRGINMANIA.ERB:6, ACHIEVEMENT_TITLE_6@original-game/ERB/実績関係/ACHIEVEMENT_6_NTR.ERB:6, ACHIEVEMENT_TITLE_7@original-game/ERB/実績関係/ACHIEVEMENT_7_BLACKIMPACT.ERB:6, ACHIEVEMENT_TITLE_8@original-game/ERB/実績関係/ACHIEVEMENT_8_BLACKKANADE.ERB:6
original-game/ERB/実績関係/ACHIEVEMENT.ERB	実績関係	28	PRINT_ACHIEVEMENT	CALLFORM	ACHIEVEMENT_CALC_{LOCAL}	ACHIEVEMENT_CALC_	21	ACHIEVEMENT_CALC_0@original-game/ERB/実績関係/ACHIEVEMENT_0_PLAYBOY.ERB:10, ACHIEVEMENT_CALC_10@original-game/ERB/実績関係/ACHIEVEMENT_10_GOLDRUSH.ERB:10, ACHIEVEMENT_CALC_11@original-game/ERB/実績関係/ACHIEVEMENT_11_YAOH.ERB:10, ACHIEVEMENT_CALC_12@original-game/ERB/実績関係/ACHIEVEMENT_12_CHURCH.ERB:10, ACHIEVEMENT_CALC_13@original-game/ERB/実績関係/ACHIEVEMENT_13_3RDGIRLFRIEND.ERB:10, ACHIEVEMENT_CALC_14@original-game/ERB/実績関係/ACHIEVEMENT_14_BIG3.ERB:10, ACHIEVEMENT_CALC_15@original-game/ERB/実績関係/ACHIEVEMENT_15_HAERETICUS.ERB:10, ACHIEVEMENT_CALC_16@original-game/ERB/実績関係/ACHIEVEMENT_16_MIYAMA.ERB:10, ACHIEVEMENT_CALC_17@original-game/ERB/実績関係/ACHIEVEMENT_17_FALLENANGELS.ERB:10, ACHIEVEMENT_CALC_18@original-game/ERB/実績関係/ACHIEVEMENT_18_HUTANARI.ERB:10, ACHIEVEMENT_CALC_19@original-game/ERB/実績関係/ACHIEVEMENT_19_ONLYONE_KANADE.ERB:10, ACHIEVEMENT_CALC_1@original-game/ERB/実績関係/ACHIEVEMENT_1_LOLICOM.ERB:10, ACHIEVEMENT_CALC_20@original-game/ERB/実績関係/ACHIEVEMENT_20_STRAWBERRY.ERB:10, ACHIEVEMENT_CALC_2@original-game/ERB/実績関係/ACHIEVEMENT_2_OLDERSISTER.ERB:10, ACHIEVEMENT_CALC_30@original-game/ERB/実績関係/ACHIEVEMENT_30_ACTRESS_LIST_COMPLETE.ERB:10, ACHIEVEMENT_CALC_3@original-game/ERB/実績関係/ACHIEVEMENT_3_IMOPARA.ERB:10, ACHIEVEMENT_CALC_4@original-game/ERB/実績関係/ACHIEVEMENT_4_TOLOVERU.ERB:10, ACHIEVEMENT_CALC_5@original-game/ERB/実績関係/ACHIEVEMENT_5_VIRGINMANIA.ERB:10, ACHIEVEMENT_CALC_6@original-game/ERB/実績関係/ACHIEVEMENT_6_NTR.ERB:10, ACHIEVEMENT_CALC_7@original-game/ERB/実績関係/ACHIEVEMENT_7_BLACKIMPACT.ERB:10, ACHIEVEMENT_CALC_8@original-game/ERB/実績関係/ACHIEVEMENT_8_BLACKKANADE.ERB:10
original-game/ERB/実績関係/ACHIEVEMENT.ERB	実績関係	53	PRINT_ACHIEVEMENT	CALLFORM	ACHIEVEMENT_TITLE_{LIST:LOCAL}	ACHIEVEMENT_TITLE_	21	ACHIEVEMENT_TITLE_0@original-game/ERB/実績関係/ACHIEVEMENT_0_PLAYBOY.ERB:6, ACHIEVEMENT_TITLE_10@original-game/ERB/実績関係/ACHIEVEMENT_10_GOLDRUSH.ERB:6, ACHIEVEMENT_TITLE_11@original-game/ERB/実績関係/ACHIEVEMENT_11_YAOH.ERB:6, ACHIEVEMENT_TITLE_12@original-game/ERB/実績関係/ACHIEVEMENT_12_CHURCH.ERB:6, ACHIEVEMENT_TITLE_13@original-game/ERB/実績関係/ACHIEVEMENT_13_3RDGIRLFRIEND.ERB:6, ACHIEVEMENT_TITLE_14@original-game/ERB/実績関係/ACHIEVEMENT_14_BIG3.ERB:6, ACHIEVEMENT_TITLE_15@original-game/ERB/実績関係/ACHIEVEMENT_15_HAERETICUS.ERB:6, ACHIEVEMENT_TITLE_16@original-game/ERB/実績関係/ACHIEVEMENT_16_MIYAMA.ERB:6, ACHIEVEMENT_TITLE_17@original-game/ERB/実績関係/ACHIEVEMENT_17_FALLENANGELS.ERB:6, ACHIEVEMENT_TITLE_18@original-game/ERB/実績関係/ACHIEVEMENT_18_HUTANARI.ERB:6, ACHIEVEMENT_TITLE_19@original-game/ERB/実績関係/ACHIEVEMENT_19_ONLYONE_KANADE.ERB:6, ACHIEVEMENT_TITLE_1@original-game/ERB/実績関係/ACHIEVEMENT_1_LOLICOM.ERB:6, ACHIEVEMENT_TITLE_20@original-game/ERB/実績関係/ACHIEVEMENT_20_STRAWBERRY.ERB:6, ACHIEVEMENT_TITLE_2@original-game/ERB/実績関係/ACHIEVEMENT_2_OLDERSISTER.ERB:6, ACHIEVEMENT_TITLE_30@original-game/ERB/実績関係/ACHIEVEMENT_30_ACTRESS_LIST_COMPLETE.ERB:6, ACHIEVEMENT_TITLE_3@original-game/ERB/実績関係/ACHIEVEMENT_3_IMOPARA.ERB:6, ACHIEVEMENT_TITLE_4@original-game/ERB/実績関係/ACHIEVEMENT_4_TOLOVERU.ERB:6, ACHIEVEMENT_TITLE_5@original-game/ERB/実績関係/ACHIEVEMENT_5_VIRGINMANIA.ERB:6, ACHIEVEMENT_TITLE_6@original-game/ERB/実績関係/ACHIEVEMENT_6_NTR.ERB:6, ACHIEVEMENT_TITLE_7@original-game/ERB/実績関係/ACHIEVEMENT_7_BLACKIMPACT.ERB:6, ACHIEVEMENT_TITLE_8@original-game/ERB/実績関係/ACHIEVEMENT_8_BLACKKANADE.ERB:6
original-game/ERB/実績関係/ACHIEVEMENT.ERB	実績関係	79	PRINT_ACHIEVEMENT	CALLFORM	ACHIEVEMENT_MAIN_{LIST:RESULT}	ACHIEVEMENT_MAIN_	21	ACHIEVEMENT_MAIN_0@original-game/ERB/実績関係/ACHIEVEMENT_0_PLAYBOY.ERB:17, ACHIEVEMENT_MAIN_10@original-game/ERB/実績関係/ACHIEVEMENT_10_GOLDRUSH.ERB:17, ACHIEVEMENT_MAIN_11@original-game/ERB/実績関係/ACHIEVEMENT_11_YAOH.ERB:17, ACHIEVEMENT_MAIN_12@original-game/ERB/実績関係/ACHIEVEMENT_12_CHURCH.ERB:25, ACHIEVEMENT_MAIN_13@original-game/ERB/実績関係/ACHIEVEMENT_13_3RDGIRLFRIEND.ERB:25, ACHIEVEMENT_MAIN_14@original-game/ERB/実績関係/ACHIEVEMENT_14_BIG3.ERB:25, ACHIEVEMENT_MAIN_15@original-game/ERB/実績関係/ACHIEVEMENT_15_HAERETICUS.ERB:25, ACHIEVEMENT_MAIN_16@original-game/ERB/実績関係/ACHIEVEMENT_16_MIYAMA.ERB:25, ACHIEVEMENT_MAIN_17@original-game/ERB/実績関係/ACHIEVEMENT_17_FALLENANGELS.ERB:25, ACHIEVEMENT_MAIN_18@original-game/ERB/実績関係/ACHIEVEMENT_18_HUTANARI.ERB:25, ACHIEVEMENT_MAIN_19@original-game/ERB/実績関係/ACHIEVEMENT_19_ONLYONE_KANADE.ERB:28, ACHIEVEMENT_MAIN_1@original-game/ERB/実績関係/ACHIEVEMENT_1_LOLICOM.ERB:24, ACHIEVEMENT_MAIN_20@original-game/ERB/実績関係/ACHIEVEMENT_20_STRAWBERRY.ERB:26, ACHIEVEMENT_MAIN_2@original-game/ERB/実績関係/ACHIEVEMENT_2_OLDERSISTER.ERB:25, ACHIEVEMENT_MAIN_30@original-game/ERB/実績関係/ACHIEVEMENT_30_ACTRESS_LIST_COMPLETE.ERB:32, ACHIEVEMENT_MAIN_3@original-game/ERB/実績関係/ACHIEVEMENT_3_IMOPARA.ERB:25, ACHIEVEMENT_MAIN_4@original-game/ERB/実績関係/ACHIEVEMENT_4_TOLOVERU.ERB:25, ACHIEVEMENT_MAIN_5@original-game/ERB/実績関係/ACHIEVEMENT_5_VIRGINMANIA.ERB:26, ACHIEVEMENT_MAIN_6@original-game/ERB/実績関係/ACHIEVEMENT_6_NTR.ERB:25, ACHIEVEMENT_MAIN_7@original-game/ERB/実績関係/ACHIEVEMENT_7_BLACKIMPACT.ERB:25, ACHIEVEMENT_MAIN_8@original-game/ERB/実績関係/ACHIEVEMENT_8_BLACKKANADE.ERB:25
original-game/ERB/実績関係/ACHIEVEMENT.ERB	実績関係	107	CHECK_ACHIEVEMENT	TRYCALLFORM	ACHIEVEMENT_CALC_{LOCAL}	ACHIEVEMENT_CALC_	21	ACHIEVEMENT_CALC_0@original-game/ERB/実績関係/ACHIEVEMENT_0_PLAYBOY.ERB:10, ACHIEVEMENT_CALC_10@original-game/ERB/実績関係/ACHIEVEMENT_10_GOLDRUSH.ERB:10, ACHIEVEMENT_CALC_11@original-game/ERB/実績関係/ACHIEVEMENT_11_YAOH.ERB:10, ACHIEVEMENT_CALC_12@original-game/ERB/実績関係/ACHIEVEMENT_12_CHURCH.ERB:10, ACHIEVEMENT_CALC_13@original-game/ERB/実績関係/ACHIEVEMENT_13_3RDGIRLFRIEND.ERB:10, ACHIEVEMENT_CALC_14@original-game/ERB/実績関係/ACHIEVEMENT_14_BIG3.ERB:10, ACHIEVEMENT_CALC_15@original-game/ERB/実績関係/ACHIEVEMENT_15_HAERETICUS.ERB:10, ACHIEVEMENT_CALC_16@original-game/ERB/実績関係/ACHIEVEMENT_16_MIYAMA.ERB:10, ACHIEVEMENT_CALC_17@original-game/ERB/実績関係/ACHIEVEMENT_17_FALLENANGELS.ERB:10, ACHIEVEMENT_CALC_18@original-game/ERB/実績関係/ACHIEVEMENT_18_HUTANARI.ERB:10, ACHIEVEMENT_CALC_19@original-game/ERB/実績関係/ACHIEVEMENT_19_ONLYONE_KANADE.ERB:10, ACHIEVEMENT_CALC_1@original-game/ERB/実績関係/ACHIEVEMENT_1_LOLICOM.ERB:10, ACHIEVEMENT_CALC_20@original-game/ERB/実績関係/ACHIEVEMENT_20_STRAWBERRY.ERB:10, ACHIEVEMENT_CALC_2@original-game/ERB/実績関係/ACHIEVEMENT_2_OLDERSISTER.ERB:10, ACHIEVEMENT_CALC_30@original-game/ERB/実績関係/ACHIEVEMENT_30_ACTRESS_LIST_COMPLETE.ERB:10, ACHIEVEMENT_CALC_3@original-game/ERB/実績関係/ACHIEVEMENT_3_IMOPARA.ERB:10, ACHIEVEMENT_CALC_4@original-game/ERB/実績関係/ACHIEVEMENT_4_TOLOVERU.ERB:10, ACHIEVEMENT_CALC_5@original-game/ERB/実績関係/ACHIEVEMENT_5_VIRGINMANIA.ERB:10, ACHIEVEMENT_CALC_6@original-game/ERB/実績関係/ACHIEVEMENT_6_NTR.ERB:10, ACHIEVEMENT_CALC_7@original-game/ERB/実績関係/ACHIEVEMENT_7_BLACKIMPACT.ERB:10, ACHIEVEMENT_CALC_8@original-game/ERB/実績関係/ACHIEVEMENT_8_BLACKKANADE.ERB:10
original-game/ERB/指導関係/COMSEQ_REGISTER.ERB	指導関係	54	COMSEQ_REGISTER	TRYCCALLFORM	COM_ABLE{LOCAL}	COM_ABLE	125	COM_ABLE0@original-game/ERB/指導関係/COMABLE.ERB:7, COM_ABLE1@original-game/ERB/指導関係/COMABLE.ERB:12, COM_ABLE2@original-game/ERB/指導関係/COMABLE.ERB:49, COM_ABLE3@original-game/ERB/指導関係/COMABLE.ERB:90, COM_ABLE4@original-game/ERB/指導関係/COMABLE.ERB:139, COM_ABLE5@original-game/ERB/指導関係/COMABLE.ERB:182, COM_ABLE6@original-game/ERB/指導関係/COMABLE.ERB:206, COM_ABLE7@original-game/ERB/指導関係/COMABLE.ERB:234, COM_ABLE8@original-game/ERB/指導関係/COMABLE.ERB:284, COM_ABLE9@original-game/ERB/指導関係/COMABLE.ERB:327, COM_ABLE10@original-game/ERB/指導関係/COMABLE.ERB:376, COM_ABLE11@original-game/ERB/指導関係/COMABLE.ERB:411, COM_ABLE12@original-game/ERB/指導関係/COMABLE.ERB:471, COM_ABLE13@original-game/ERB/指導関係/COMABLE.ERB:508, COM_ABLE14@original-game/ERB/指導関係/COMABLE.ERB:566, COM_ABLE15@original-game/ERB/指導関係/COMABLE.ERB:618, COM_ABLE16@original-game/ERB/指導関係/COMABLE.ERB:667, COM_ABLE17@original-game/ERB/指導関係/COMABLE.ERB:724, COM_ABLE18@original-game/ERB/指導関係/COMABLE.ERB:772, COM_ABLE19@original-game/ERB/指導関係/COMABLE.ERB:810, COM_ABLE20@original-game/ERB/指導関係/COMABLE.ERB:864, COM_ABLE21@original-game/ERB/指導関係/COMABLE.ERB:928, COM_ABLE22@original-game/ERB/指導関係/COMABLE.ERB:989, COM_ABLE23@original-game/ERB/指導関係/COMABLE.ERB:1055, COM_ABLE24@original-game/ERB/指導関係/COMABLE.ERB:1122, COM_ABLE25@original-game/ERB/指導関係/COMABLE.ERB:1191, COM_ABLE26@original-game/ERB/指導関係/COMABLE.ERB:1257, COM_ABLE27@original-game/ERB/指導関係/COMABLE.ERB:1319, COM_ABLE28@original-game/ERB/指導関係/COMABLE.ERB:1375, COM_ABLE29@original-game/ERB/指導関係/COMABLE.ERB:1436
original-game/ERB/指導関係/COMSEQ_REGISTER.ERB	指導関係	94	COMSEQ_REGISTER	TRYCCALLFORM	COM_ABLE{LOCAL}	COM_ABLE	125	COM_ABLE0@original-game/ERB/指導関係/COMABLE.ERB:7, COM_ABLE1@original-game/ERB/指導関係/COMABLE.ERB:12, COM_ABLE2@original-game/ERB/指導関係/COMABLE.ERB:49, COM_ABLE3@original-game/ERB/指導関係/COMABLE.ERB:90, COM_ABLE4@original-game/ERB/指導関係/COMABLE.ERB:139, COM_ABLE5@original-game/ERB/指導関係/COMABLE.ERB:182, COM_ABLE6@original-game/ERB/指導関係/COMABLE.ERB:206, COM_ABLE7@original-game/ERB/指導関係/COMABLE.ERB:234, COM_ABLE8@original-game/ERB/指導関係/COMABLE.ERB:284, COM_ABLE9@original-game/ERB/指導関係/COMABLE.ERB:327, COM_ABLE10@original-game/ERB/指導関係/COMABLE.ERB:376, COM_ABLE11@original-game/ERB/指導関係/COMABLE.ERB:411, COM_ABLE12@original-game/ERB/指導関係/COMABLE.ERB:471, COM_ABLE13@original-game/ERB/指導関係/COMABLE.ERB:508, COM_ABLE14@original-game/ERB/指導関係/COMABLE.ERB:566, COM_ABLE15@original-game/ERB/指導関係/COMABLE.ERB:618, COM_ABLE16@original-game/ERB/指導関係/COMABLE.ERB:667, COM_ABLE17@original-game/ERB/指導関係/COMABLE.ERB:724, COM_ABLE18@original-game/ERB/指導関係/COMABLE.ERB:772, COM_ABLE19@original-game/ERB/指導関係/COMABLE.ERB:810, COM_ABLE20@original-game/ERB/指導関係/COMABLE.ERB:864, COM_ABLE21@original-game/ERB/指導関係/COMABLE.ERB:928, COM_ABLE22@original-game/ERB/指導関係/COMABLE.ERB:989, COM_ABLE23@original-game/ERB/指導関係/COMABLE.ERB:1055, COM_ABLE24@original-game/ERB/指導関係/COMABLE.ERB:1122, COM_ABLE25@original-game/ERB/指導関係/COMABLE.ERB:1191, COM_ABLE26@original-game/ERB/指導関係/COMABLE.ERB:1257, COM_ABLE27@original-game/ERB/指導関係/COMABLE.ERB:1319, COM_ABLE28@original-game/ERB/指導関係/COMABLE.ERB:1375, COM_ABLE29@original-game/ERB/指導関係/COMABLE.ERB:1436
original-game/ERB/指導関係/COMSEQ_REGISTER.ERB	指導関係	216	COMSEQ_REGISTER_TRAIN	CALLFORM	COM_ABLE{TOINT(LOCALS:(TFLAG:900))}	COM_ABLE	125	COM_ABLE0@original-game/ERB/指導関係/COMABLE.ERB:7, COM_ABLE1@original-game/ERB/指導関係/COMABLE.ERB:12, COM_ABLE2@original-game/ERB/指導関係/COMABLE.ERB:49, COM_ABLE3@original-game/ERB/指導関係/COMABLE.ERB:90, COM_ABLE4@original-game/ERB/指導関係/COMABLE.ERB:139, COM_ABLE5@original-game/ERB/指導関係/COMABLE.ERB:182, COM_ABLE6@original-game/ERB/指導関係/COMABLE.ERB:206, COM_ABLE7@original-game/ERB/指導関係/COMABLE.ERB:234, COM_ABLE8@original-game/ERB/指導関係/COMABLE.ERB:284, COM_ABLE9@original-game/ERB/指導関係/COMABLE.ERB:327, COM_ABLE10@original-game/ERB/指導関係/COMABLE.ERB:376, COM_ABLE11@original-game/ERB/指導関係/COMABLE.ERB:411, COM_ABLE12@original-game/ERB/指導関係/COMABLE.ERB:471, COM_ABLE13@original-game/ERB/指導関係/COMABLE.ERB:508, COM_ABLE14@original-game/ERB/指導関係/COMABLE.ERB:566, COM_ABLE15@original-game/ERB/指導関係/COMABLE.ERB:618, COM_ABLE16@original-game/ERB/指導関係/COMABLE.ERB:667, COM_ABLE17@original-game/ERB/指導関係/COMABLE.ERB:724, COM_ABLE18@original-game/ERB/指導関係/COMABLE.ERB:772, COM_ABLE19@original-game/ERB/指導関係/COMABLE.ERB:810, COM_ABLE20@original-game/ERB/指導関係/COMABLE.ERB:864, COM_ABLE21@original-game/ERB/指導関係/COMABLE.ERB:928, COM_ABLE22@original-game/ERB/指導関係/COMABLE.ERB:989, COM_ABLE23@original-game/ERB/指導関係/COMABLE.ERB:1055, COM_ABLE24@original-game/ERB/指導関係/COMABLE.ERB:1122, COM_ABLE25@original-game/ERB/指導関係/COMABLE.ERB:1191, COM_ABLE26@original-game/ERB/指導関係/COMABLE.ERB:1257, COM_ABLE27@original-game/ERB/指導関係/COMABLE.ERB:1319, COM_ABLE28@original-game/ERB/指導関係/COMABLE.ERB:1375, COM_ABLE29@original-game/ERB/指導関係/COMABLE.ERB:1436
original-game/ERB/指導関係/COMSEQ_REGISTER.ERB	指導関係	256	COMSEQ_REGISTER_TRAIN	CALLFORM	COM_ABLE{TOINT(LOCALS:(TFLAG:900))}	COM_ABLE	125	COM_ABLE0@original-game/ERB/指導関係/COMABLE.ERB:7, COM_ABLE1@original-game/ERB/指導関係/COMABLE.ERB:12, COM_ABLE2@original-game/ERB/指導関係/COMABLE.ERB:49, COM_ABLE3@original-game/ERB/指導関係/COMABLE.ERB:90, COM_ABLE4@original-game/ERB/指導関係/COMABLE.ERB:139, COM_ABLE5@original-game/ERB/指導関係/COMABLE.ERB:182, COM_ABLE6@original-game/ERB/指導関係/COMABLE.ERB:206, COM_ABLE7@original-game/ERB/指導関係/COMABLE.ERB:234, COM_ABLE8@original-game/ERB/指導関係/COMABLE.ERB:284, COM_ABLE9@original-game/ERB/指導関係/COMABLE.ERB:327, COM_ABLE10@original-game/ERB/指導関係/COMABLE.ERB:376, COM_ABLE11@original-game/ERB/指導関係/COMABLE.ERB:411, COM_ABLE12@original-game/ERB/指導関係/COMABLE.ERB:471, COM_ABLE13@original-game/ERB/指導関係/COMABLE.ERB:508, COM_ABLE14@original-game/ERB/指導関係/COMABLE.ERB:566, COM_ABLE15@original-game/ERB/指導関係/COMABLE.ERB:618, COM_ABLE16@original-game/ERB/指導関係/COMABLE.ERB:667, COM_ABLE17@original-game/ERB/指導関係/COMABLE.ERB:724, COM_ABLE18@original-game/ERB/指導関係/COMABLE.ERB:772, COM_ABLE19@original-game/ERB/指導関係/COMABLE.ERB:810, COM_ABLE20@original-game/ERB/指導関係/COMABLE.ERB:864, COM_ABLE21@original-game/ERB/指導関係/COMABLE.ERB:928, COM_ABLE22@original-game/ERB/指導関係/COMABLE.ERB:989, COM_ABLE23@original-game/ERB/指導関係/COMABLE.ERB:1055, COM_ABLE24@original-game/ERB/指導関係/COMABLE.ERB:1122, COM_ABLE25@original-game/ERB/指導関係/COMABLE.ERB:1191, COM_ABLE26@original-game/ERB/指導関係/COMABLE.ERB:1257, COM_ABLE27@original-game/ERB/指導関係/COMABLE.ERB:1319, COM_ABLE28@original-game/ERB/指導関係/COMABLE.ERB:1375, COM_ABLE29@original-game/ERB/指導関係/COMABLE.ERB:1436
original-game/ERB/能力上昇関係/ABL.ERB	能力上昇関係	110	DECIDE_ABLUP	CALLFORM	DECIDE_ABLUP{ARG}	DECIDE_ABLUP	31	DECIDE_ABLUP@original-game/ERB/能力上昇関係/ABL.ERB:109, DECIDE_ABLUP0@original-game/ERB/能力上昇関係/ABLUP0.ERB:74, DECIDE_ABLUP1@original-game/ERB/能力上昇関係/ABLUP1.ERB:69, DECIDE_ABLUP10@original-game/ERB/能力上昇関係/ABLUP10.ERB:151, DECIDE_ABLUP11@original-game/ERB/能力上昇関係/ABLUP11.ERB:75, DECIDE_ABLUP12@original-game/ERB/能力上昇関係/ABLUP12.ERB:68, DECIDE_ABLUP13@original-game/ERB/能力上昇関係/ABLUP13.ERB:67, DECIDE_ABLUP14@original-game/ERB/能力上昇関係/ABLUP14.ERB:70, DECIDE_ABLUP15@original-game/ERB/能力上昇関係/ABLUP15.ERB:76, DECIDE_ABLUP16@original-game/ERB/能力上昇関係/ABLUP16.ERB:149, DECIDE_ABLUP17@original-game/ERB/能力上昇関係/ABLUP17.ERB:101, DECIDE_ABLUP2@original-game/ERB/能力上昇関係/ABLUP2.ERB:77, DECIDE_ABLUP20@original-game/ERB/能力上昇関係/ABLUP20.ERB:90, DECIDE_ABLUP21@original-game/ERB/能力上昇関係/ABLUP21.ERB:139, DECIDE_ABLUP22@original-game/ERB/能力上昇関係/ABLUP22.ERB:120, DECIDE_ABLUP23@original-game/ERB/能力上昇関係/ABLUP23.ERB:118, DECIDE_ABLUP3@original-game/ERB/能力上昇関係/ABLUP3.ERB:73, DECIDE_ABLUP30@original-game/ERB/能力上昇関係/ABLUP30.ERB:114, DECIDE_ABLUP31@original-game/ERB/能力上昇関係/ABLUP31.ERB:123, DECIDE_ABLUP32@original-game/ERB/能力上昇関係/ABLUP32.ERB:121, DECIDE_ABLUP33@original-game/ERB/能力上昇関係/ABLUP33.ERB:97, DECIDE_ABLUP37@original-game/ERB/能力上昇関係/ABLUP37.ERB:89, DECIDE_ABLUP38@original-game/ERB/能力上昇関係/ABLUP38.ERB:81, DECIDE_ABLUP39@original-game/ERB/能力上昇関係/ABLUP39.ERB:81, DECIDE_ABLUP40@original-game/ERB/能力上昇関係/ABLUP40.ERB:89, DECIDE_ABLUP41@original-game/ERB/能力上昇関係/ABLUP41.ERB:83, DECIDE_ABLUP70@original-game/ERB/能力上昇関係/ABLUP70.ERB:62, DECIDE_ABLUP71@original-game/ERB/能力上昇関係/ABLUP71.ERB:70, DECIDE_ABLUP72@original-game/ERB/能力上昇関係/ABLUP72.ERB:66, DECIDE_ABLUP73@original-game/ERB/能力上昇関係/ABLUP73.ERB:70
original-game/ERB/ＡＶ撮影関係/SHOP_AV.ERB	ＡＶ撮影関係	293	AV_LIST	TRYCCALLFORM	SCENE_TITLE_{LOCAL}	SCENE_TITLE_	6	SCENE_TITLE_1@original-game/ERB/ＡＶ撮影関係/撮影シーン関連/SCENE01_INTERVIEW.ERB:6, SCENE_TITLE_2@original-game/ERB/ＡＶ撮影関係/撮影シーン関連/SCENE02_MUSTERBATION.ERB:6, SCENE_TITLE_3@original-game/ERB/ＡＶ撮影関係/撮影シーン関連/SCENE03_FELLATIO.ERB:6, SCENE_TITLE_4@original-game/ERB/ＡＶ撮影関係/撮影シーン関連/SCENE04_AV_HARDSEX.ERB:6, SCENE_TITLE_5@original-game/ERB/ＡＶ撮影関係/撮影シーン関連/SCENE05_AV_HARDANALSEX.ERB:6, SCENE_TITLE_10@original-game/ERB/ＡＶ撮影関係/撮影シーン関連/SCENE10_AV_SM.ERB:6
original-game/ERB/ＡＶ撮影関係/SHOP_AV.ERB	ＡＶ撮影関係	315	AV_LIST	CALLFORM	SCENE_VISIBLE_{LIST:LOCAL}	SCENE_VISIBLE_	6	SCENE_VISIBLE_1@original-game/ERB/ＡＶ撮影関係/撮影シーン関連/SCENE01_INTERVIEW.ERB:15, SCENE_VISIBLE_2@original-game/ERB/ＡＶ撮影関係/撮影シーン関連/SCENE02_MUSTERBATION.ERB:15, SCENE_VISIBLE_3@original-game/ERB/ＡＶ撮影関係/撮影シーン関連/SCENE03_FELLATIO.ERB:15, SCENE_VISIBLE_4@original-game/ERB/ＡＶ撮影関係/撮影シーン関連/SCENE04_AV_HARDSEX.ERB:15, SCENE_VISIBLE_5@original-game/ERB/ＡＶ撮影関係/撮影シーン関連/SCENE05_AV_HARDANALSEX.ERB:15, SCENE_VISIBLE_10@original-game/ERB/ＡＶ撮影関係/撮影シーン関連/SCENE10_AV_SM.ERB:15
original-game/ERB/ＡＶ撮影関係/SHOP_AV.ERB	ＡＶ撮影関係	318	AV_LIST	CALLFORM	SCENE_TITLE_{LIST:LOCAL}	SCENE_TITLE_	6	SCENE_TITLE_1@original-game/ERB/ＡＶ撮影関係/撮影シーン関連/SCENE01_INTERVIEW.ERB:6, SCENE_TITLE_2@original-game/ERB/ＡＶ撮影関係/撮影シーン関連/SCENE02_MUSTERBATION.ERB:6, SCENE_TITLE_3@original-game/ERB/ＡＶ撮影関係/撮影シーン関連/SCENE03_FELLATIO.ERB:6, SCENE_TITLE_4@original-game/ERB/ＡＶ撮影関係/撮影シーン関連/SCENE04_AV_HARDSEX.ERB:6, SCENE_TITLE_5@original-game/ERB/ＡＶ撮影関係/撮影シーン関連/SCENE05_AV_HARDANALSEX.ERB:6, SCENE_TITLE_10@original-game/ERB/ＡＶ撮影関係/撮影シーン関連/SCENE10_AV_SM.ERB:6
original-game/ERB/ＡＶ撮影関係/SHOP_AV.ERB	ＡＶ撮影関係	350	AV_LIST	CALLFORM	SCENE_INFO_{LOCAL}	SCENE_INFO_	6	SCENE_INFO_1@original-game/ERB/ＡＶ撮影関係/撮影シーン関連/SCENE01_INTERVIEW.ERB:37, SCENE_INFO_2@original-game/ERB/ＡＶ撮影関係/撮影シーン関連/SCENE02_MUSTERBATION.ERB:37, SCENE_INFO_3@original-game/ERB/ＡＶ撮影関係/撮影シーン関連/SCENE03_FELLATIO.ERB:41, SCENE_INFO_4@original-game/ERB/ＡＶ撮影関係/撮影シーン関連/SCENE04_AV_HARDSEX.ERB:41, SCENE_INFO_5@original-game/ERB/ＡＶ撮影関係/撮影シーン関連/SCENE05_AV_HARDANALSEX.ERB:41, SCENE_INFO_10@original-game/ERB/ＡＶ撮影関係/撮影シーン関連/SCENE10_AV_SM.ERB:40
original-game/ERB/ＡＶ撮影関係/SHOP_AV.ERB	ＡＶ撮影関係	351	AV_LIST	CALLFORM	SCENE_FEE_{LOCAL}	SCENE_FEE_	6	SCENE_FEE_1@original-game/ERB/ＡＶ撮影関係/撮影シーン関連/SCENE01_INTERVIEW.ERB:27, SCENE_FEE_2@original-game/ERB/ＡＶ撮影関係/撮影シーン関連/SCENE02_MUSTERBATION.ERB:27, SCENE_FEE_3@original-game/ERB/ＡＶ撮影関係/撮影シーン関連/SCENE03_FELLATIO.ERB:31, SCENE_FEE_4@original-game/ERB/ＡＶ撮影関係/撮影シーン関連/SCENE04_AV_HARDSEX.ERB:31, SCENE_FEE_5@original-game/ERB/ＡＶ撮影関係/撮影シーン関連/SCENE05_AV_HARDANALSEX.ERB:31, SCENE_FEE_10@original-game/ERB/ＡＶ撮影関係/撮影シーン関連/SCENE10_AV_SM.ERB:30
original-game/ERB/ＡＶ撮影関係/SHOP_AV.ERB	ＡＶ撮影関係	413	AV_CHOOSE	CALLFORM	SCENE_TITLE_{TFLAG:(500 + LOCAL)}	SCENE_TITLE_	6	SCENE_TITLE_1@original-game/ERB/ＡＶ撮影関係/撮影シーン関連/SCENE01_INTERVIEW.ERB:6, SCENE_TITLE_2@original-game/ERB/ＡＶ撮影関係/撮影シーン関連/SCENE02_MUSTERBATION.ERB:6, SCENE_TITLE_3@original-game/ERB/ＡＶ撮影関係/撮影シーン関連/SCENE03_FELLATIO.ERB:6, SCENE_TITLE_4@original-game/ERB/ＡＶ撮影関係/撮影シーン関連/SCENE04_AV_HARDSEX.ERB:6, SCENE_TITLE_5@original-game/ERB/ＡＶ撮影関係/撮影シーン関連/SCENE05_AV_HARDANALSEX.ERB:6, SCENE_TITLE_10@original-game/ERB/ＡＶ撮影関係/撮影シーン関連/SCENE10_AV_SM.ERB:6
original-game/ERB/ＡＶ撮影関係/SHOP_AV.ERB	ＡＶ撮影関係	460	AV_RESULT	CALLFORM	SCENE_TITLE_{TFLAG:(500 + LOCAL)}	SCENE_TITLE_	6	SCENE_TITLE_1@original-game/ERB/ＡＶ撮影関係/撮影シーン関連/SCENE01_INTERVIEW.ERB:6, SCENE_TITLE_2@original-game/ERB/ＡＶ撮影関係/撮影シーン関連/SCENE02_MUSTERBATION.ERB:6, SCENE_TITLE_3@original-game/ERB/ＡＶ撮影関係/撮影シーン関連/SCENE03_FELLATIO.ERB:6, SCENE_TITLE_4@original-game/ERB/ＡＶ撮影関係/撮影シーン関連/SCENE04_AV_HARDSEX.ERB:6, SCENE_TITLE_5@original-game/ERB/ＡＶ撮影関係/撮影シーン関連/SCENE05_AV_HARDANALSEX.ERB:6, SCENE_TITLE_10@original-game/ERB/ＡＶ撮影関係/撮影シーン関連/SCENE10_AV_SM.ERB:6
original-game/ERB/ＡＶ撮影関係/SHOP_AV.ERB	ＡＶ撮影関係	463	AV_RESULT	CALLFORM	SCENE_RESULT_START_{TFLAG:(500 + LOCAL)}	SCENE_RESULT_START_	6	SCENE_RESULT_START_1@original-game/ERB/ＡＶ撮影関係/撮影シーン関連/SCENE01_INTERVIEW.ERB:92, SCENE_RESULT_START_2@original-game/ERB/ＡＶ撮影関係/撮影シーン関連/SCENE02_MUSTERBATION.ERB:107, SCENE_RESULT_START_3@original-game/ERB/ＡＶ撮影関係/撮影シーン関連/SCENE03_FELLATIO.ERB:112, SCENE_RESULT_START_4@original-game/ERB/ＡＶ撮影関係/撮影シーン関連/SCENE04_AV_HARDSEX.ERB:114, SCENE_RESULT_START_5@original-game/ERB/ＡＶ撮影関係/撮影シーン関連/SCENE05_AV_HARDANALSEX.ERB:114, SCENE_RESULT_START_10@original-game/ERB/ＡＶ撮影関係/撮影シーン関連/SCENE10_AV_SM.ERB:127
original-game/ERB/ＡＶ撮影関係/SHOP_AV.ERB	ＡＶ撮影関係	465	AV_RESULT	CALLFORM	SCENE_CALC_{TFLAG:(500 + LOCAL)}	SCENE_CALC_	6	SCENE_CALC_1@original-game/ERB/ＡＶ撮影関係/撮影シーン関連/SCENE01_INTERVIEW.ERB:48, SCENE_CALC_2@original-game/ERB/ＡＶ撮影関係/撮影シーン関連/SCENE02_MUSTERBATION.ERB:48, SCENE_CALC_3@original-game/ERB/ＡＶ撮影関係/撮影シーン関連/SCENE03_FELLATIO.ERB:52, SCENE_CALC_4@original-game/ERB/ＡＶ撮影関係/撮影シーン関連/SCENE04_AV_HARDSEX.ERB:52, SCENE_CALC_5@original-game/ERB/ＡＶ撮影関係/撮影シーン関連/SCENE05_AV_HARDANALSEX.ERB:52, SCENE_CALC_10@original-game/ERB/ＡＶ撮影関係/撮影シーン関連/SCENE10_AV_SM.ERB:51
original-game/ERB/ＡＶ撮影関係/SHOP_AV.ERB	ＡＶ撮影関係	467	AV_RESULT	CALLFORM	SCENE_RESULT_PERFECT_{TFLAG:(500 + LOCAL)}	SCENE_RESULT_PERFECT_	6	SCENE_RESULT_PERFECT_1@original-game/ERB/ＡＶ撮影関係/撮影シーン関連/SCENE01_INTERVIEW.ERB:106, SCENE_RESULT_PERFECT_2@original-game/ERB/ＡＶ撮影関係/撮影シーン関連/SCENE02_MUSTERBATION.ERB:119, SCENE_RESULT_PERFECT_3@original-game/ERB/ＡＶ撮影関係/撮影シーン関連/SCENE03_FELLATIO.ERB:123, SCENE_RESULT_PERFECT_4@original-game/ERB/ＡＶ撮影関係/撮影シーン関連/SCENE04_AV_HARDSEX.ERB:125, SCENE_RESULT_PERFECT_5@original-game/ERB/ＡＶ撮影関係/撮影シーン関連/SCENE05_AV_HARDANALSEX.ERB:126, SCENE_RESULT_PERFECT_10@original-game/ERB/ＡＶ撮影関係/撮影シーン関連/SCENE10_AV_SM.ERB:139
original-game/ERB/ＡＶ撮影関係/SHOP_AV.ERB	ＡＶ撮影関係	470	AV_RESULT	CALLFORM	SCENE_RESULT_SUCCESS_{TFLAG:(500 + LOCAL)}	SCENE_RESULT_SUCCESS_	6	SCENE_RESULT_SUCCESS_1@original-game/ERB/ＡＶ撮影関係/撮影シーン関連/SCENE01_INTERVIEW.ERB:124, SCENE_RESULT_SUCCESS_2@original-game/ERB/ＡＶ撮影関係/撮影シーン関連/SCENE02_MUSTERBATION.ERB:133, SCENE_RESULT_SUCCESS_3@original-game/ERB/ＡＶ撮影関係/撮影シーン関連/SCENE03_FELLATIO.ERB:138, SCENE_RESULT_SUCCESS_4@original-game/ERB/ＡＶ撮影関係/撮影シーン関連/SCENE04_AV_HARDSEX.ERB:175, SCENE_RESULT_SUCCESS_5@original-game/ERB/ＡＶ撮影関係/撮影シーン関連/SCENE05_AV_HARDANALSEX.ERB:170, SCENE_RESULT_SUCCESS_10@original-game/ERB/ＡＶ撮影関係/撮影シーン関連/SCENE10_AV_SM.ERB:153
original-game/ERB/ＡＶ撮影関係/SHOP_AV.ERB	ＡＶ撮影関係	473	AV_RESULT	CALLFORM	SCENE_RESULT_FAILED_{TFLAG:(500 + LOCAL)}	SCENE_RESULT_FAILED_	6	SCENE_RESULT_FAILED_1@original-game/ERB/ＡＶ撮影関係/撮影シーン関連/SCENE01_INTERVIEW.ERB:143, SCENE_RESULT_FAILED_2@original-game/ERB/ＡＶ撮影関係/撮影シーン関連/SCENE02_MUSTERBATION.ERB:146, SCENE_RESULT_FAILED_3@original-game/ERB/ＡＶ撮影関係/撮影シーン関連/SCENE03_FELLATIO.ERB:148, SCENE_RESULT_FAILED_4@original-game/ERB/ＡＶ撮影関係/撮影シーン関連/SCENE04_AV_HARDSEX.ERB:223, SCENE_RESULT_FAILED_5@original-game/ERB/ＡＶ撮影関係/撮影シーン関連/SCENE05_AV_HARDANALSEX.ERB:212, SCENE_RESULT_FAILED_10@original-game/ERB/ＡＶ撮影関係/撮影シーン関連/SCENE10_AV_SM.ERB:166
original-game/ERB/ＡＶ撮影関係/SHOP_AV.ERB	ＡＶ撮影関係	476	AV_RESULT	CALLFORM	SCENE_EXP_{TFLAG:(500 + LOCAL)}	SCENE_EXP_	6	SCENE_EXP_1@original-game/ERB/ＡＶ撮影関係/撮影シーン関連/SCENE01_INTERVIEW.ERB:159, SCENE_EXP_2@original-game/ERB/ＡＶ撮影関係/撮影シーン関連/SCENE02_MUSTERBATION.ERB:164, SCENE_EXP_3@original-game/ERB/ＡＶ撮影関係/撮影シーン関連/SCENE03_FELLATIO.ERB:162, SCENE_EXP_4@original-game/ERB/ＡＶ撮影関係/撮影シーン関連/SCENE04_AV_HARDSEX.ERB:274, SCENE_EXP_5@original-game/ERB/ＡＶ撮影関係/撮影シーン関連/SCENE05_AV_HARDANALSEX.ERB:257, SCENE_EXP_10@original-game/ERB/ＡＶ撮影関係/撮影シーン関連/SCENE10_AV_SM.ERB:184
